-- phpMyAdmin SQL Dump
-- version 5.0.2
-- https://www.phpmyadmin.net/
--
-- Host: localhost:3306
-- Erstellungszeit: 02. Okt 2020 um 10:30
-- Server-Version: 5.5.55
-- PHP-Version: 7.3.22

SET SQL_MODE = "NO_AUTO_VALUE_ON_ZERO";
START TRANSACTION;
SET time_zone = "+00:00";

CREATE TABLE `asc_assign` (
  `id` int(11) NOT NULL,
  `unitid` int(11) DEFAULT NULL,
  `mechid` int(11) DEFAULT NULL,
  `pilotid` int(11) DEFAULT NULL,
  `gameid` int(11) DEFAULT '1',
  `round_moved` int(11) DEFAULT '0',
  `round_fired` int(11) DEFAULT '0'
) ENGINE=InnoDB DEFAULT CHARSET=utf8;

--
-- Daten für Tabelle `asc_assign`
--

INSERT INTO `asc_assign` (`id`, `unitid`, `mechid`, `pilotid`, `gameid`, `round_moved`, `round_fired`) VALUES
(196, 106, 196, 197, 1, 0, 0),
(197, 106, 197, 198, 1, 0, 0),
(198, 106, 198, 199, 1, 0, 0),
(199, 106, 199, 200, 1, 0, 0),
(200, 106, 200, 201, 1, 0, 0),
(201, 107, 201, 202, 1, 0, 0),
(202, 107, 202, 203, 1, 0, 0),
(203, 107, 203, 204, 1, 0, 0),
(204, 107, 204, 205, 1, 0, 0),
(205, 107, 205, 206, 1, 0, 0),
(206, 108, 206, 207, 1, 0, 0),
(207, 108, 207, 208, 1, 0, 0),
(208, 108, 208, 209, 1, 0, 0),
(209, 108, 209, 210, 1, 0, 0),
(210, 108, 210, 211, 1, 0, 0),
(211, 112, 211, 212, 1, 0, 0),
(212, 112, 212, 213, 1, 0, 0),
(213, 112, 213, 214, 1, 0, 0),
(214, 112, 214, 215, 1, 0, 0),
(215, 112, 215, 216, 1, 0, 0),
(216, 113, 216, 217, 1, 0, 0),
(217, 113, 217, 218, 1, 0, 0),
(218, 113, 218, 219, 1, 0, 0),
(219, 113, 219, 220, 1, 0, 0),
(220, 113, 220, 221, 1, 0, 0),
(222, 114, 222, 223, 1, 0, 0),
(223, 114, 223, 224, 1, 0, 0),
(224, 114, 224, 225, 1, 0, 0),
(226, 114, 226, 227, 1, 0, 0),
(227, 114, 227, 228, 1, 0, 0),
(228, NULL, 228, 229, 1, 3, 0),
(229, NULL, 229, 230, 1, 3, 0),
(230, NULL, 230, 231, 1, 3, 0),
(231, NULL, 231, 232, 1, 0, 0),
(232, NULL, 232, 233, 1, 0, 0),
(233, 104, 233, 234, 1, 3, 1),
(234, 115, 234, 235, 1, 3, 0),
(235, 115, 235, 236, 1, 0, 0),
(236, 104, 236, 237, 1, 3, 1),
(237, 115, 237, 238, 1, 0, 0),
(238, 104, 238, 239, 1, 3, 1),
(239, 115, 239, 240, 1, 0, 0),
(240, 104, 240, 241, 1, 0, 0),
(241, 104, 241, 242, 1, 0, 0),
(242, 116, 242, 243, 1, 0, 0),
(243, 116, 243, 244, 1, 0, 0),
(244, 116, 244, 245, 1, 0, 0),
(245, 105, 245, 246, 1, 0, 0),
(246, 116, 246, 247, 1, 0, 0),
(248, 105, 248, 249, 1, 0, 0),
(249, 105, 249, 250, 1, 0, 0),
(250, 105, 250, 251, 1, 0, 0),
(251, 105, 251, 252, 1, 0, 0),
(257, 117, 257, 258, 1, 0, 0),
(258, 117, 258, 259, 1, 0, 0),
(259, 117, 259, 260, 1, 0, 0),
(260, 117, 260, 261, 1, 0, 0),
(261, 117, 261, 262, 1, 0, 0),
(262, 118, 262, 263, 1, 3, 0),
(263, 118, 263, 264, 1, 3, 1),
(264, 118, 264, 265, 1, 3, 1),
(265, 118, 265, 266, 1, 3, 0),
(266, 118, 266, 267, 1, 3, 1),
(267, 119, 267, 268, 1, 0, 0),
(268, 119, 268, 269, 1, 0, 0),
(269, 119, 269, 270, 1, 0, 0),
(270, 119, 270, 271, 1, 0, 0),
(272, 120, 272, 273, 1, 0, 0),
(273, 120, 273, 274, 1, 0, 0),
(274, 120, 274, 275, 1, 4, 0),
(275, 120, 275, 276, 1, 0, 0),
(276, 120, 276, 277, 1, 0, 0),
(277, 119, 277, 278, 1, 0, 0),
(278, 121, 278, 279, 1, 0, 0),
(279, 121, 279, 280, 1, 0, 0),
(280, 121, 280, 281, 1, 0, 0),
(281, 121, 281, 282, 1, 0, 0),
(282, 121, 282, 283, 1, 0, 0),
(283, 122, 283, 284, 1, 0, 0),
(284, 122, 284, 285, 1, 0, 0),
(285, 122, 285, 286, 1, 0, 0),
(286, 122, 286, 287, 1, 0, 0),
(287, 122, 287, 288, 1, 0, 0),
(288, 123, 288, 289, 1, 0, 0),
(289, 123, 289, 290, 1, 0, 0),
(290, 123, 290, 291, 1, 0, 0),
(291, 123, 291, 292, 1, 0, 0),
(292, 123, 292, 293, 1, 0, 0),
(294, 136, 294, 295, 1, 0, 0),
(295, 136, 295, 296, 1, 0, 0),
(296, 136, 296, 297, 1, 0, 0),
(297, 136, 297, 298, 1, 0, 0),
(299, 137, 299, 300, 1, 3, 0),
(300, 137, 300, 301, 1, 0, 0),
(301, 137, 301, 302, 1, 0, 0),
(308, 137, 308, 309, 1, 0, 0),
(309, 136, 309, 310, 1, 0, 0),
(310, 137, 310, 311, 1, 0, 0),
(311, 138, 311, 312, 1, 0, 0),
(313, 138, 313, 314, 1, 0, 0),
(314, 138, 314, 315, 1, 0, 0),
(315, 138, 315, 316, 1, 0, 0),
(316, 138, 316, 317, 1, 0, 0),
(317, 115, 317, 318, 1, 3, 0),
(318, 116, 318, 319, 1, 0, 0),
(319, 127, 319, 320, 1, 0, 0),
(320, 127, 320, 321, 1, 3, 0),
(321, 127, 321, 322, 1, 3, 0),
(322, 127, 322, 323, 1, 3, 0),
(323, 127, 323, 324, 1, 3, 0),
(324, 128, 324, 325, 1, 0, 0),
(325, 128, 325, 326, 1, 3, 0),
(327, 128, 327, 328, 1, 3, 0),
(328, 128, 328, 329, 1, 3, 0),
(329, 129, 329, 330, 1, 3, 0),
(330, 129, 330, 331, 1, 0, 0),
(331, 129, 331, 332, 1, 3, 0),
(332, 129, 332, 333, 1, 0, 0),
(333, 129, 333, 334, 1, 3, 0),
(334, 130, 334, 335, 1, 0, 0),
(335, 130, 335, 336, 1, 0, 0),
(337, 130, 337, 338, 1, 0, 0),
(338, 130, 338, 339, 1, 0, 0),
(339, 130, 339, 340, 1, 0, 0),
(340, 131, 340, 341, 1, 0, 0),
(341, 131, 341, 342, 1, 0, 0),
(342, 131, 342, 343, 1, 0, 0),
(343, 131, 343, 344, 1, 4, 0),
(344, 131, 344, 345, 1, 0, 0),
(345, 132, 345, 346, 1, 0, 0),
(346, 132, 346, 347, 1, 0, 0),
(347, 132, 347, 348, 1, 0, 0),
(349, 132, 349, 350, 1, 0, 0),
(350, 132, 350, 351, 1, 0, 0),
(351, 133, 351, 352, 1, 3, 1),
(352, 133, 352, 353, 1, 3, 0),
(353, 133, 353, 354, 1, 3, 0),
(354, 133, 354, 355, 1, 4, 0),
(355, 133, 355, 356, 1, 0, 0),
(356, 134, 356, 357, 1, 3, 1),
(357, 134, 357, 358, 1, 0, 0),
(358, 134, 358, 359, 1, 3, 1),
(359, 134, 359, 360, 1, 3, 1),
(360, 134, 360, 361, 1, 3, 0),
(361, 135, 361, 362, 1, 3, 0),
(362, 135, 362, 363, 1, 3, 0),
(363, 135, 363, 364, 1, 4, 0),
(364, 135, 364, 365, 1, 0, 0),
(365, 135, 365, 366, 1, 0, 0),
(366, NULL, 366, 367, 1, 0, 0),
(367, 109, 367, 368, 1, 0, 0),
(368, 109, 368, 369, 1, 0, 0),
(369, 109, 369, 370, 1, 0, 0),
(370, 109, 370, 371, 1, 0, 0),
(371, 109, 371, 372, 1, 0, 0),
(372, NULL, 372, 373, 1, 0, 0),
(373, 110, 373, 374, 1, 0, 0),
(374, NULL, 374, 375, 1, 0, 0),
(375, 110, 375, 376, 1, 0, 0),
(376, 110, 376, 377, 1, 0, 0),
(377, 110, 377, 378, 1, 0, 0),
(378, 110, 378, 379, 1, 0, 0),
(379, 111, 379, 380, 1, 0, 0),
(380, 111, 380, 381, 1, 0, 0),
(381, 111, 381, 382, 1, 0, 0),
(382, 111, 382, 383, 1, 0, 0),
(383, 111, 383, 384, 1, 0, 0),
(384, 139, 384, 385, 1, 0, 0),
(385, 128, 385, 386, 1, 0, 0),
(386, NULL, 386, 387, 1, 0, 0),
(387, NULL, 387, 388, 1, 0, 0),
(388, NULL, 388, 389, 1, 0, 0),
(389, 4, 389, 390, 1, 1, 1),
(390, NULL, 390, 391, 1, 0, 0),
(391, NULL, 391, 392, 1, 0, 0),
(392, NULL, 392, 393, 1, 0, 0),
(393, NULL, 393, 394, 1, 0, 0),
(394, NULL, 394, 395, 1, 0, 0),
(395, 144, 395, 396, 1, 0, 0),
(396, 145, 396, 397, 1, 0, 0),
(397, 145, 397, 398, 1, 0, 0),
(398, 145, 398, 399, 1, 0, 0),
(399, 145, 399, 400, 1, 0, 0),
(400, NULL, 400, 401, 1, 0, 0),
(401, 146, 401, 402, 1, 0, 0),
(402, 146, 402, 403, 1, 0, 0),
(403, 146, 403, 404, 1, 0, 0),
(404, 146, 404, 405, 1, 0, 0),
(405, NULL, 405, 406, 1, 0, 0),
(406, NULL, 406, 407, 1, 0, 0),
(407, 139, 407, 408, 1, 3, 0),
(408, 139, 408, 409, 1, 3, 0),
(409, 139, 409, 410, 1, 2, 0),
(410, 139, 410, 411, 1, 3, 0),
(411, 140, 411, 412, 1, 0, 0),
(412, 140, 412, 413, 1, 0, 0),
(413, NULL, 413, 414, 1, 0, 0),
(414, 140, 414, 415, 1, 0, 0),
(415, 140, 415, 416, 1, 0, 0),
(416, 141, 416, 417, 1, 4, 0),
(417, 141, 417, 418, 1, 3, 0),
(418, 141, 418, 419, 1, 4, 0),
(419, 141, 419, 420, 1, 4, 0),
(420, NULL, 420, 421, 1, 0, 0),
(421, NULL, 421, 422, 1, 0, 0),
(422, NULL, 422, 423, 1, 0, 0),
(423, NULL, 423, 424, 1, 0, 0),
(424, NULL, 424, 425, 1, 0, 0),
(425, NULL, 425, 426, 1, 0, 0),
(426, NULL, 426, 427, 1, 0, 0),
(427, NULL, 427, 428, 1, 0, 0),
(428, NULL, 428, 429, 1, 3, 0),
(429, NULL, 429, 430, 1, 0, 0),
(430, NULL, 430, 431, 1, 0, 0),
(431, NULL, 431, 432, 1, 0, 0),
(432, NULL, 432, 433, 1, 0, 0),
(433, NULL, 433, 434, 1, 0, 0),
(434, NULL, 434, 435, 1, 3, 0),
(435, NULL, 435, 436, 1, 0, 0),
(436, NULL, 436, 437, 1, 0, 0),
(437, NULL, 437, 438, 1, 0, 0),
(438, NULL, 438, 439, 1, 0, 0),
(439, NULL, 439, 440, 1, 0, 0),
(440, NULL, 440, 441, 1, 0, 0),
(441, NULL, 441, 442, 1, 0, 0),
(442, NULL, 442, 443, 1, 0, 0),
(443, NULL, 443, 444, 1, 0, 0),
(444, NULL, 444, 445, 1, 0, 0),
(445, NULL, 445, 446, 1, 0, 0),
(446, NULL, 446, 447, 1, 0, 0),
(447, 4, 447, 448, 1, 0, 0),
(448, NULL, 448, 449, 1, 0, 0),
(449, NULL, 449, 450, 1, 0, 0),
(450, NULL, 450, 451, 1, 0, 0),
(451, NULL, 451, 452, 1, 0, 0),
(452, NULL, 452, 453, 1, 0, 0),
(453, NULL, 453, 454, 1, 0, 0),
(454, NULL, 454, 455, 1, 0, 0),
(455, NULL, 455, 456, 1, 0, 0),
(456, NULL, 456, 457, 1, 0, 0),
(457, NULL, 457, 458, 1, 0, 0),
(458, NULL, 458, 459, 1, 0, 0),
(459, NULL, 459, 460, 1, 0, 0),
(460, NULL, 460, 461, 1, 0, 0),
(461, NULL, 461, 462, 1, 0, 0),
(462, NULL, 462, 463, 1, 0, 0),
(463, NULL, 463, 464, 1, 0, 0),
(464, NULL, 464, 465, 1, 0, 0),
(465, NULL, 465, 466, 1, 0, 0),
(466, NULL, 466, 467, 1, 0, 0),
(467, NULL, 467, 468, 1, 0, 0),
(468, NULL, 468, 469, 1, 0, 0),
(469, NULL, 469, 470, 1, 0, 0),
(470, NULL, 470, 471, 1, 0, 0),
(471, NULL, 471, 472, 1, 0, 0),
(472, NULL, 472, 473, 1, 0, 0),
(473, NULL, 473, 474, 1, 0, 0),
(474, NULL, 474, 475, 1, 0, 0),
(475, NULL, 475, 476, 1, 0, 0),
(476, NULL, 476, 477, 1, 0, 0),
(477, NULL, 477, 478, 1, 0, 0),
(478, NULL, 478, 479, 1, 0, 0),
(479, NULL, 479, 480, 1, 0, 0),
(480, NULL, 480, 481, 1, 0, 0),
(481, NULL, 481, 482, 1, 0, 0),
(482, NULL, 482, 483, 1, 0, 0),
(483, NULL, 483, 484, 1, 0, 0),
(484, NULL, 484, 485, 1, 0, 0),
(485, NULL, 485, 486, 1, 0, 0),
(486, NULL, 486, 487, 1, 0, 0),
(487, NULL, 487, 488, 1, 0, 0),
(488, NULL, 488, 489, 1, 0, 0),
(489, NULL, 489, 490, 1, 0, 0),
(490, NULL, 490, 491, 1, 0, 0),
(491, NULL, 491, 492, 1, 0, 0),
(492, NULL, 492, 493, 1, 0, 0),
(493, NULL, 493, 494, 1, 0, 0),
(494, NULL, 494, 495, 1, 0, 0),
(495, NULL, 495, 496, 1, 0, 0),
(496, NULL, 496, 497, 1, 0, 0),
(497, NULL, 497, 498, 1, 0, 0),
(498, NULL, 498, 499, 1, 0, 0),
(499, NULL, 499, 500, 1, 0, 0),
(500, NULL, 500, 501, 1, 0, 0),
(501, NULL, 501, 502, 1, 0, 0),
(502, NULL, 502, 503, 1, 0, 0),
(503, NULL, 503, 504, 1, 0, 0),
(504, NULL, 504, 505, 1, 0, 0),
(505, NULL, 505, 506, 1, 0, 0),
(506, NULL, 506, 507, 1, 0, 0),
(507, NULL, 507, 508, 1, 0, 0),
(508, NULL, 508, 509, 1, 0, 0),
(509, NULL, 509, 510, 1, 0, 0),
(510, NULL, 510, 511, 1, 0, 0),
(511, 143, 511, 512, 1, 0, 0),
(512, 143, 512, 513, 1, 0, 0),
(513, NULL, 513, 514, 1, 0, 0),
(514, 143, 514, 515, 1, 0, 0),
(515, NULL, 515, 516, 1, 0, 0),
(516, 143, 516, 517, 1, 0, 0),
(517, 143, 517, 518, 1, 0, 0),
(518, 144, 518, 519, 1, 0, 0),
(519, 144, 519, 520, 1, 0, 0),
(520, 144, 520, 521, 1, 0, 0),
(521, 144, 521, 522, 1, 0, 0),
(522, 157, 522, 523, 1, 0, 0),
(523, NULL, 523, 524, 1, 0, 0),
(524, 4, 524, 525, 1, 0, 0),
(525, 154, 525, 526, 1, 0, 0),
(526, 103, 526, 527, 1, 3, 1),
(527, 103, 527, 528, 1, 1, 0),
(528, 103, 528, 529, 1, 0, 0),
(529, 148, 529, 530, 1, 4, 0),
(530, 148, 530, 531, 1, 3, 0),
(531, NULL, 531, 532, 1, 0, 0),
(532, 149, 532, 533, 1, 0, 0),
(533, NULL, 533, 534, 1, 0, 0),
(534, 150, 534, 535, 1, 4, 0),
(535, 150, 535, 536, 1, 3, 0),
(536, 149, 536, 537, 1, 3, 0);

-- --------------------------------------------------------

--
-- Tabellenstruktur für Tabelle `asc_faction`
--

CREATE TABLE `asc_faction` (
  `factionid` int(11) NOT NULL,
  `name` varchar(50) DEFAULT NULL,
  `faction_imageurl` varchar(11) DEFAULT NULL
) ENGINE=InnoDB DEFAULT CHARSET=utf8;

--
-- Daten für Tabelle `asc_faction`
--

INSERT INTO `asc_faction` (`factionid`, `name`, `faction_imageurl`) VALUES
(1, 'Clan Wolf', 'CW.png'),
(2, 'Lyran Alliance', ''),
(3, 'ComStar', ''),
(4, 'Draconis Combine', 'DC.png'),
(5, 'Clan Ghostbear', 'CGB.png'),
(6, 'Wolf\'s Dragoons', 'WD.png');

-- --------------------------------------------------------

--
-- Tabellenstruktur für Tabelle `asc_game`
--

CREATE TABLE `asc_game` (
  `gameid` int(11) NOT NULL,
  `currentround` int(11) NOT NULL
) ENGINE=InnoDB DEFAULT CHARSET=utf8mb4 COLLATE=utf8mb4_unicode_ci;

--
-- Daten für Tabelle `asc_game`
--

INSERT INTO `asc_game` (`gameid`, `currentround`) VALUES
(1, 1);

-- --------------------------------------------------------

--
-- Tabellenstruktur für Tabelle `asc_mech`
--

CREATE TABLE `asc_mech` (
  `mechid` int(11) NOT NULL,
  `mech_number` varchar(50) NOT NULL DEFAULT '--',
  `tech` int(5) DEFAULT NULL,
  `mulid` int(11) DEFAULT NULL,
  `mech_tonnage` int(11) DEFAULT NULL,
  `as_model` varchar(100) DEFAULT NULL,
  `as_pv` int(11) DEFAULT NULL,
  `as_tp` varchar(50) DEFAULT NULL,
  `as_sz` int(11) DEFAULT NULL,
  `as_tmm` int(11) DEFAULT NULL,
  `as_mv` int(11) DEFAULT NULL,
  `as_mvj` int(11) DEFAULT NULL,
  `as_role` varchar(100) DEFAULT NULL,
  `as_skill` int(11) DEFAULT NULL,
  `as_short` int(11) DEFAULT NULL,
  `as_short_min` int(11) DEFAULT NULL,
  `as_medium` int(11) DEFAULT NULL,
  `as_medium_min` int(11) DEFAULT NULL,
  `as_long` int(11) DEFAULT NULL,
  `as_long_min` int(11) DEFAULT NULL,
  `as_extreme` int(11) DEFAULT NULL,
  `as_extreme_min` int(11) DEFAULT NULL,
  `as_ov` int(11) DEFAULT NULL,
  `as_armor` int(11) DEFAULT NULL,
  `as_structure` int(11) DEFAULT NULL,
  `as_threshold` int(11) DEFAULT NULL,
  `as_specials` varchar(100) DEFAULT NULL,
  `mech_imageurl` varchar(50) DEFAULT NULL,
  `mech_statusimageurl` varchar(50) DEFAULT 'images/DD_01.png',
  `active_bid` tinyint(1) NOT NULL DEFAULT '1'
) ENGINE=InnoDB DEFAULT CHARSET=utf8;

--
-- Daten für Tabelle `asc_mech`
--

INSERT INTO `asc_mech` (`mechid`, `mech_number`, `tech`, `mulid`, `mech_tonnage`, `as_model`, `as_pv`, `as_tp`, `as_sz`, `as_tmm`, `as_mv`, `as_mvj`, `as_role`, `as_skill`, `as_short`, `as_short_min`, `as_medium`, `as_medium_min`, `as_long`, `as_long_min`, `as_extreme`, `as_extreme_min`, `as_ov`, `as_armor`, `as_structure`, `as_threshold`, `as_specials`, `mech_imageurl`, `mech_statusimageurl`, `active_bid`) VALUES
(196, '30', 2, 811, 100, 'Daishi (Dire Wolf) &quot;Widowmaker&quot;', 95, 'BM', 4, 1, 6, NULL, 'Juggernaut', 1, 7, 0, 7, 0, 6, 0, 0, 0, 3, 10, 5, 0, 'CASE,OMNI', 'images/mechs/Direwolf.png', 'images/DD_01.png', 1),
(197, '26', 2, 1211, 95, 'Gladiator (Executioner) Prime', 61, 'BM', 4, 2, 10, 8, 'Sniper', 3, 4, 0, 4, 0, 4, 0, 0, 0, 0, 9, 5, 0, 'CASE,OMNI,JMPW1', 'images/mechs/Executioner.png', 'images/DD_01.png', 1),
(198, '27', 2, 1985, 75, 'Mad Cat (Timber Wolf) Prime', 65, 'BM', 3, 2, 10, NULL, 'Brawler', 3, 5, 0, 5, 0, 4, 0, 0, 0, 1, 8, 4, 0, 'CASE,IF2,LRM1/1/2,OMNI', 'images/mechs/Timberwolf.png', 'images/DD_01.png', 1),
(199, '167', 2, 2750, 55, 'Ryoken (Stormcrow) B', 47, 'BM', 2, 2, 12, NULL, 'Striker', 3, 4, 0, 4, 0, 0, 0, 0, 0, 3, 6, 3, 0, 'CASE,OMNI', 'images/mechs/Stormcrow.png', 'images/DD_02.png', 1),
(200, 'IS296', 2, 3570, 35, 'Wolfhound IIC &quot;Grinner&quot;', 40, 'BM', 1, 2, 12, NULL, 'Striker', 3, 4, 0, 4, 0, 1, 0, 0, 0, 0, 4, 2, 0, 'ECM,ENE,REAR1/1/-', 'images/mechs/Generic.png', 'images/DD_01.png', 1),
(201, '154', 2, 3175, 70, 'Thor (Summoner) B', 63, 'BM', 3, 2, 10, 10, 'Missile Boat', 2, 4, 0, 4, 0, 3, 0, 0, 0, 0, 6, 4, 0, 'AMS,CASE,IF2,LRM2/2/2,OMNI,SNARC,SRM1/1', 'images/mechs/Summoner.png', 'images/DD_01.png', 1),
(202, '155', 2, 1929, 65, 'Loki (Hellbringer) Prime', 53, 'BM', 3, 2, 10, NULL, 'Striker', 3, 4, 0, 4, 0, 2, 0, 0, 0, 3, 4, 4, 0, 'AMS,CASE,ECM,OMNI,OVL,PRB,RCN', 'images/mechs/Hellbringer.png', 'images/DD_01.png', 1),
(203, '25', 2, 3468, 60, 'Vulture (Mad Dog) C', 40, 'BM', 3, 2, 10, NULL, 'Sniper', 3, 3, 0, 3, 0, 3, 0, 0, 0, 0, 5, 3, 0, 'CASE,OMNI', 'images/mechs/Maddog.png', 'images/DD_01.png', 1),
(204, '160', 2, 2598, 35, 'Puma (Adder) Prime', 36, 'BM', 1, 2, 12, NULL, 'Sniper', 3, 3, 0, 3, 0, 3, 0, 0, 0, 1, 4, 2, 0, 'ENE,OMNI,OVL', 'images/mechs/Generic.png', 'images/DD_01.png', 1),
(205, '158', 2, 1053, 45, 'Fenris (Ice Ferret) Prime', 53, 'BM', 2, 3, 16, NULL, 'Striker', 3, 3, 0, 3, 0, 2, 0, 0, 0, 0, 5, 2, 0, 'CASE,OMNI,PRB,RCN', 'images/mechs/Ice%20Ferret.png', 'images/DD_01.png', 1),
(206, 'i16', 2, 960, 5, 'Elemental BA [Laser]', 25, 'BA', 1, 1, 6, 6, 'Ambusher', 2, 2, 0, 1, 0, 0, 0, 0, 0, 0, 2, 2, 0, 'AM,CAR5,MEC', 'images/mechs/Elemental.png', 'images/DD_ELE_01.png', 1),
(207, 'i17', 2, 961, 5, 'Elemental BA [MG]', 22, 'BA', 1, 1, 6, 6, 'Ambusher', 3, 2, 0, 1, 0, 0, 0, 0, 0, 0, 2, 2, 0, 'AM,CAR5,MEC', 'images/mechs/Elemental.png', 'images/DD_ELE_01.png', 1),
(208, 'i18', 2, 961, 5, 'Elemental BA [MG]', 22, 'BA', 1, 1, 6, 6, 'Ambusher', 3, 2, 0, 1, 0, 0, 0, 0, 0, 0, 2, 2, 0, 'AM,CAR5,MEC', 'images/mechs/Elemental.png', 'images/DD_ELE_01.png', 1),
(209, 'i19', 2, 960, 5, 'Elemental BA [Laser]', 22, 'BA', 1, 1, 6, 6, 'Ambusher', 3, 2, 0, 1, 0, 0, 0, 0, 0, 0, 2, 2, 0, 'AM,CAR5,MEC', 'images/mechs/Elemental.png', 'images/DD_ELE_01.png', 1),
(210, 'i20', 2, 958, 5, 'Elemental BA [Flamer]', 23, 'BA', 1, 1, 6, 6, 'Ambusher', 3, 2, 0, 1, 0, 0, 0, 0, 0, 0, 2, 2, 0, 'AM,CAR5,HT1/-/-,MEC', 'images/mechs/Elemental.png', 'images/DD_ELE_01.png', 1),
(211, '81', 2, 818, 100, 'Daishi (Dire Wolf) Prime', 88, 'BM', 4, 1, 6, NULL, 'Juggernaut', 1, 6, 0, 6, 0, 4, 0, 0, 0, 3, 10, 5, 0, 'CASE,OMNI,OVL', 'images/mechs/Direwolf.png', 'images/DD_03.png', 1),
(212, '93', 2, 1205, 95, 'Gladiator (Executioner) C', 66, 'BM', 4, 2, 10, 8, 'Missile Boat', 3, 5, 0, 5, 0, 2, 0, 0, 0, 0, 9, 5, 0, 'CASE,IF2,OMNI,JMPW1', 'images/mechs/Executioner.png', 'images/DD_01.png', 1),
(213, '164', 2, 2010, 80, 'Man O&apos; War (Gargoyle) Prime', 46, 'BM', 4, 2, 10, NULL, 'Skirmisher', 3, 3, 0, 3, 0, 1, 0, 0, 0, 0, 7, 4, 0, 'CASE,FLK0&#42;/1/1,OMNI,SRM2/2', 'images/mechs/Gargoyle.png', 'images/DD_01.png', 1),
(214, '163', 2, 335, 50, 'Black Hawk (Nova) A', 42, 'BM', 2, 2, 10, 10, 'Sniper', 3, 3, 0, 3, 0, 3, 0, 0, 0, 1, 5, 3, 0, 'AMS,CASE,OMNI', 'images/mechs/Nova.png', 'images/DD_01.png', 1),
(215, '43', 2, 1053, 45, 'Fenris (Ice Ferret) Prime', 53, 'BM', 2, 3, 16, NULL, 'Striker', 3, 3, 0, 3, 0, 2, 0, 0, 0, 0, 5, 2, 0, 'CASE,OMNI,PRB,RCN', 'images/mechs/Ice%20Ferret.png', 'images/DD_01.png', 1),
(216, '102', 2, 2097, 85, 'Masakari (Warhawk) Prime', 71, 'BM', 4, 1, 8, NULL, 'Sniper', 2, 5, 0, 5, 0, 5, 0, 0, 0, 3, 9, 5, 0, 'CASE,OMNI,OVL', 'images/mechs/Warhawk.png', 'images/DD_01.png', 1),
(217, '10', 2, 2757, 55, 'Ryoken (Stormcrow) Prime', 52, 'BM', 2, 2, 12, NULL, 'Striker', 3, 5, 0, 5, 0, 2, 0, 0, 0, 0, 6, 3, 0, 'ENE,OMNI', 'images/mechs/Stormcrow.png', 'images/DD_01.png', 1),
(218, '139', 2, 1985, 75, 'Mad Cat (Timber Wolf) Prime', 65, 'BM', 3, 2, 10, NULL, 'Brawler', 3, 5, 0, 5, 0, 4, 0, 0, 0, 1, 8, 4, 0, 'CASE,IF2,LRM1/1/2,OMNI', 'images/mechs/Timberwolf.png', 'images/DD_02.png', 1),
(219, '108', 2, 3341, 30, 'Uller (Kit Fox) B', 36, 'BM', 1, 2, 12, NULL, 'Striker', 3, 4, 0, 4, 0, 2, 0, 0, 0, 0, 3, 2, 0, 'CASE,OMNI', 'images/mechs/Kit%20Fox.png', 'images/DD_02.png', 1),
(220, '18', 2, 846, 20, 'Dasher (Fire Moth) Prime', 34, 'BM', 1, 4, 26, NULL, 'Striker', 3, 3, 0, 3, 0, 0, 0, 0, 0, 0, 1, 1, 0, 'CASE,OMNI,SRM1/1', 'images/mechs/Dasher.png', 'images/DD_01.png', 1),
(222, 'i13', 2, 960, 5, 'Elemental BA [Laser]', 25, 'BA', 1, 1, 6, 6, 'Ambusher', 2, 2, 0, 1, 0, 0, 0, 0, 0, 0, 2, 2, 0, 'AM,CAR5,MEC', 'images/mechs/Elemental.png', 'images/DD_ELE_01.png', 1),
(223, 'i14', 2, 961, 5, 'Elemental BA [MG]', 22, 'BA', 1, 1, 6, 6, 'Ambusher', 3, 2, 0, 1, 0, 0, 0, 0, 0, 0, 2, 2, 0, 'AM,CAR5,MEC', 'images/mechs/Elemental.png', 'images/DD_ELE_01.png', 1),
(224, 'i15', 2, 961, 5, 'Elemental BA [MG]', 22, 'BA', 1, 1, 6, 6, 'Ambusher', 3, 2, 0, 1, 0, 0, 0, 0, 0, 0, 2, 2, 0, 'AM,CAR5,MEC', 'images/mechs/Elemental.png', 'images/DD_ELE_01.png', 1),
(226, 'i91', 2, 960, 5, 'Elemental BA [Laser]', 22, 'BA', 1, 1, 6, 6, 'Ambusher', 3, 2, 0, 1, 0, 0, 0, 0, 0, 0, 2, 2, 0, 'AM,CAR5,MEC', 'images/mechs/Elemental.png', 'images/DD_ELE_01.png', 1),
(227, 'i92', 2, 958, 5, 'Elemental BA [Flamer]', 23, 'BA', 1, 1, 6, 6, 'Ambusher', 3, 2, 0, 1, 0, 0, 0, 0, 0, 0, 2, 2, 0, 'AM,CAR5,HT1/-/-,MEC', 'images/mechs/Elemental.png', 'images/DD_ELE_01.png', 1),
(228, '80', 2, 818, 100, 'Daishi (Dire Wolf) Prime', 88, 'BM', 4, 1, 6, NULL, 'Juggernaut', 1, 6, 0, 6, 0, 4, 0, 0, 0, 3, 10, 5, 0, 'CASE,OMNI,OVL', 'images/mechs/Direwolf.png', 'images/DD_01.png', 1),
(229, '94', 2, 1211, 95, 'Gladiator (Executioner) Prime', 61, 'BM', 4, 2, 10, 8, 'Sniper', 3, 4, 0, 4, 0, 4, 0, 0, 0, 0, 9, 5, 0, 'CASE,OMNI,JMPW1', 'images/mechs/Executioner.png', 'images/DD_01.png', 1),
(230, '84', 2, 1985, 75, 'Mad Cat (Timber Wolf) Prime', 65, 'BM', 3, 2, 10, NULL, 'Brawler', 3, 5, 0, 5, 0, 4, 0, 0, 0, 1, 8, 4, 0, 'CASE,IF2,LRM1/1/2,OMNI', 'images/mechs/Timberwolf.png', 'images/DD_01.png', 1),
(231, '168', 2, 2757, 55, 'Ryoken (Stormcrow) Prime', 52, 'BM', 2, 2, 12, NULL, 'Striker', 3, 5, 0, 5, 0, 2, 0, 0, 0, 0, 6, 3, 0, 'ENE,OMNI', 'images/mechs/Stormcrow.png', 'images/DD_01.png', 1),
(232, '109', 2, 1836, 25, 'Koshi (Mist Lynx) Prime', 32, 'BM', 1, 3, 14, 12, 'Scout', 3, 2, 0, 2, 0, 1, 0, 0, 0, 0, 2, 1, 0, 'CASE,IF1,OMNI,PRB,RCN,JMPW1', 'images/mechs/Generic.png', 'images/DD_01.png', 1),
(233, '133', 2, 2004, 80, 'Man O&apos; War (Gargoyle) C', 70, 'BM', 4, 2, 10, NULL, 'Skirmisher', 2, 6, 0, 6, 0, 0, 0, 0, 0, 1, 7, 4, 0, 'CASE,OMNI', 'images/mechs/Gargoyle.png', 'images/DD_03.png', 1),
(234, '82', 2, 818, 100, 'Daishi (Dire Wolf) Prime', 88, 'BM', 4, 1, 6, NULL, 'Juggernaut', 1, 6, 0, 6, 0, 4, 0, 0, 0, 3, 10, 5, 0, 'CASE,OMNI,OVL', 'images/mechs/Direwolf.png', 'images/DD_01.png', 1),
(235, '92', 2, 1203, 95, 'Gladiator (Executioner) A', 68, 'BM', 4, 2, 10, 8, 'Skirmisher', 3, 5, 0, 5, 0, 4, 0, 0, 0, 2, 9, 5, 0, 'CASE,OMNI,JMPW1', 'images/mechs/Executioner.png', 'images/DD_01.png', 1),
(236, '87', 2, 1981, 75, 'Mad Cat (Timber Wolf) D', 61, 'BM', 3, 2, 10, NULL, 'Skirmisher', 3, 5, 0, 5, 0, 3, 0, 0, 0, 1, 8, 4, 0, 'CASE,OMNI,REAR2/2/-', 'images/mechs/Timberwolf.png', 'images/DD_01.png', 0),
(237, '89', 2, 1985, 75, 'Mad Cat (Timber Wolf) Prime', 65, 'BM', 3, 2, 10, NULL, 'Brawler', 3, 5, 0, 5, 0, 4, 0, 0, 0, 1, 8, 4, 0, 'CASE,IF2,LRM1/1/2,OMNI', 'images/mechs/Timberwolf.png', 'images/DD_01.png', 1),
(238, '32', 2, 342, 50, 'Black Hawk (Nova) Prime', 49, 'BM', 2, 2, 10, 10, 'Skirmisher', 3, 5, 0, 5, 0, 0, 0, 0, 0, 4, 5, 3, 0, 'ENE,OMNI', 'images/mechs/Nova.png', 'images/DD_01.png', 1),
(239, '64', 2, 2563, 40, 'Pouncer Prime', 37, 'BM', 2, 2, 12, 10, 'Sniper', 3, 3, 0, 3, 0, 3, 0, 0, 0, 1, 4, 2, 0, 'ENE,OMNI,OVL', 'images/mechs/Generic.png', 'images/DD_01.png', 1),
(240, '107', 2, 2598, 35, 'Puma (Adder) Prime', 36, 'BM', 1, 2, 12, NULL, 'Sniper', 3, 3, 0, 3, 0, 3, 0, 0, 0, 1, 4, 2, 0, 'ENE,OMNI,OVL', 'images/mechs/Generic.png', 'images/DD_01.png', 0),
(241, '157', 2, 1053, 45, 'Fenris (Ice Ferret) Prime', 53, 'BM', 2, 3, 16, NULL, 'Striker', 3, 3, 0, 3, 0, 2, 0, 0, 0, 0, 5, 2, 0, 'CASE,OMNI,PRB,RCN', 'images/mechs/Ice%20Ferret.png', 'images/DD_01.png', 0),
(242, '165', 2, 2092, 85, 'Masakari (Warhawk) B', 72, 'BM', 4, 1, 8, NULL, 'Brawler', 2, 6, 0, 7, 0, 2, 0, 0, 0, 0, 9, 5, 0, 'CASE,OMNI,SNARC,SRM2/2', 'images/mechs/Warhawk.png', 'images/DD_01.png', 1),
(243, '88', 2, 1985, 75, 'Mad Cat (Timber Wolf) Prime', 65, 'BM', 3, 2, 10, NULL, 'Brawler', 3, 5, 0, 5, 0, 4, 0, 0, 0, 1, 8, 4, 0, 'CASE,IF2,LRM1/1/2,OMNI', 'images/mechs/Timberwolf.png', 'images/DD_01.png', 1),
(244, '65', 2, 2557, 40, 'Pouncer A', 43, 'BM', 2, 2, 12, 10, 'Missile Boat', 3, 4, 0, 4, 0, 2, 0, 0, 0, 1, 4, 2, 0, 'CASE,IF2,LRM1/1/2,OMNI,REAR1/1/-', 'images/mechs/Generic.png', 'images/DD_01.png', 1),
(245, 'i8', 2, 960, 5, 'Elemental BA [Laser]', 25, 'BA', 1, 1, 6, 6, 'Ambusher', 2, 2, 0, 1, 0, 0, 0, 0, 0, 0, 2, 2, 0, 'AM,CAR5,MEC', 'images/mechs/Elemental.png', 'images/DD_ELE_02.png', 1),
(246, '16', 2, 2487, 40, 'Phantom Prime', 44, 'BM', 2, 3, 18, NULL, 'Scout', 3, 2, 0, 2, 0, 0, 0, 0, 0, 0, 4, 2, 0, 'CASE,ECM,IF0&#42;,OMNI,PRB,RCN,TAG', 'images/mechs/Generic.png', 'images/DD_01.png', 1),
(248, 'i9', 2, 961, 5, 'Elemental BA [MG]', 22, 'BA', 1, 1, 6, 6, 'Ambusher', 3, 2, 0, 1, 0, 0, 0, 0, 0, 0, 2, 2, 0, 'AM,CAR5,MEC', 'images/mechs/Elemental.png', 'images/DD_ELE_01.png', 0),
(249, 'i10', 2, 961, 5, 'Elemental BA [MG]', 22, 'BA', 1, 1, 6, 6, 'Ambusher', 3, 2, 0, 1, 0, 0, 0, 0, 0, 0, 2, 2, 0, 'AM,CAR5,MEC', 'images/mechs/Elemental.png', 'images/DD_ELE_01.png', 0),
(250, 'i11', 2, 960, 5, 'Elemental BA [Laser]', 22, 'BA', 1, 1, 6, 6, 'Ambusher', 3, 2, 0, 1, 0, 0, 0, 0, 0, 0, 2, 2, 0, 'AM,CAR5,MEC', 'images/mechs/Elemental.png', 'images/DD_ELE_01.png', 0),
(251, 'i12', 2, 958, 5, 'Elemental BA [Flamer]', 23, 'BA', 1, 1, 6, 6, 'Ambusher', 3, 2, 0, 1, 0, 0, 0, 0, 0, 0, 2, 2, 0, 'AM,CAR5,HT1/-/-,MEC', 'images/mechs/Elemental.png', 'images/DD_ELE_01.png', 0),
(257, 'i36', 2, 960, 5, 'Elemental BA [Laser]', 25, 'BA', 1, 1, 6, 6, 'Ambusher', 2, 2, 0, 1, 0, 0, 0, 0, 0, 0, 2, 2, 0, 'AM,CAR5,MEC', 'images/mechs/Elemental.png', 'images/DD_ELE_01.png', 1),
(258, 'i37', 2, 960, 5, 'Elemental BA [Laser]', 22, 'BA', 1, 1, 6, 6, 'Ambusher', 3, 2, 0, 1, 0, 0, 0, 0, 0, 0, 2, 2, 0, 'AM,CAR5,MEC', 'images/mechs/Elemental.png', 'images/DD_ELE_01.png', 1),
(259, 'i38', 2, 958, 5, 'Elemental BA [Flamer]', 23, 'BA', 1, 1, 6, 6, 'Ambusher', 3, 2, 0, 1, 0, 0, 0, 0, 0, 0, 2, 2, 0, 'AM,CAR5,HT1/-/-,MEC', 'images/mechs/Elemental.png', 'images/DD_ELE_01.png', 1),
(260, 'i39', 2, 961, 5, 'Elemental BA [MG]', 22, 'BA', 1, 1, 6, 6, 'Ambusher', 3, 2, 0, 1, 0, 0, 0, 0, 0, 0, 2, 2, 0, 'AM,CAR5,MEC', 'images/mechs/Elemental.png', 'images/DD_ELE_01.png', 1),
(261, 'i40', 2, 961, 5, 'Elemental BA [MG]', 22, 'BA', 1, 1, 6, 6, 'Ambusher', 3, 2, 0, 1, 0, 0, 0, 0, 0, 0, 2, 2, 0, 'AM,CAR5,MEC', 'images/mechs/Elemental.png', 'images/DD_ELE_01.png', 1),
(262, '36', 2, 810, 100, 'Daishi (Dire Wolf) &quot;Prometheus&quot;', 88, 'BM', 4, 1, 6, NULL, 'Juggernaut', 1, 6, 0, 6, 0, 4, 0, 0, 0, 3, 10, 5, 0, 'CASE,OMNI,OVL', 'images/mechs/Direwolf.png', 'images/DD_02.png', 1),
(263, '138', 2, 1985, 75, 'Mad Cat (Timber Wolf) Prime', 65, 'BM', 3, 2, 10, NULL, 'Brawler', 3, 5, 0, 5, 0, 4, 0, 0, 0, 1, 8, 4, 0, 'CASE,IF2,LRM1/1/2,OMNI', 'images/mechs/Timberwolf.png', 'images/DD_01.png', 1),
(264, '12', 2, 2002, 80, 'Man O&apos; War (Gargoyle) A', 56, 'BM', 4, 2, 10, NULL, 'Skirmisher', 3, 4, 0, 4, 0, 3, 0, 0, 0, 3, 7, 4, 0, 'ENE,OMNI,OVL', 'images/mechs/Gargoyle.png', 'images/DD_01.png', 1),
(265, '166', 2, 2757, 55, 'Ryoken (Stormcrow) Prime', 52, 'BM', 2, 2, 12, NULL, 'Striker', 3, 5, 0, 5, 0, 2, 0, 0, 0, 0, 6, 3, 0, 'ENE,OMNI', 'images/mechs/Stormcrow.png', 'images/DD_01.png', 1),
(266, '95', 2, 1048, 45, 'Fenris (Ice Ferret) C', 44, 'BM', 2, 3, 16, NULL, 'Missile Boat', 3, 2, 0, 2, 0, 2, 0, 0, 0, 0, 5, 2, 0, 'CASE,IF1,OMNI', 'images/mechs/Ice%20Ferret.png', 'images/DD_01.png', 1),
(267, '100', 2, 2010, 80, 'Man O&apos; War (Gargoyle) Prime', 54, 'BM', 4, 2, 10, NULL, 'Skirmisher', 2, 3, 0, 3, 0, 1, 0, 0, 0, 0, 7, 4, 0, 'CASE,FLK0&#42;/1/1,OMNI,SRM2/2', 'images/mechs/Gargoyle.png', 'images/DD_01.png', 1),
(268, '45', 2, 1887, 65, 'Linebacker B', 52, 'BM', 3, 2, 12, NULL, 'Skirmisher', 3, 4, 0, 5, 0, 2, 0, 0, 0, 0, 6, 4, 0, 'CASE,OMNI', 'images/mechs/Linebacker.png', 'images/DD_01.png', 1),
(269, '42', 2, 1892, 65, 'Linebacker Prime', 53, 'BM', 3, 2, 12, NULL, 'Skirmisher', 3, 4, 0, 4, 0, 4, 0, 0, 0, 1, 6, 4, 0, 'CASE,IF0&#42;,OMNI,REAR1/1/-', 'images/mechs/Linebacker.png', 'images/DD_01.png', 1),
(270, '110', 2, 2487, 40, 'Phantom Prime', 44, 'BM', 2, 3, 18, NULL, 'Scout', 3, 2, 0, 2, 0, 0, 0, 0, 0, 0, 4, 2, 0, 'CASE,ECM,IF0&#42;,OMNI,PRB,RCN,TAG', 'images/mechs/Generic.png', 'images/DD_01.png', 1),
(272, 'i31', 2, 960, 5, 'Elemental BA [Laser]', 25, 'BA', 1, 1, 6, 6, 'Ambusher', 2, 2, 0, 1, 0, 0, 0, 0, 0, 0, 2, 2, 0, 'AM,CAR5,MEC', 'images/mechs/Elemental.png', 'images/DD_ELE_01.png', 1),
(273, 'i32', 2, 961, 5, 'Elemental BA [MG]', 22, 'BA', 1, 1, 6, 6, 'Ambusher', 3, 2, 0, 1, 0, 0, 0, 0, 0, 0, 2, 2, 0, 'AM,CAR5,MEC', 'images/mechs/Elemental.png', 'images/DD_ELE_01.png', 1),
(274, 'i33', 2, 961, 5, 'Elemental BA [MG]', 22, 'BA', 1, 1, 6, 6, 'Ambusher', 3, 2, 0, 1, 0, 0, 0, 0, 0, 0, 2, 2, 0, 'AM,CAR5,MEC', 'images/mechs/Elemental.png', 'images/DD_ELE_01.png', 1),
(275, 'i34', 2, 960, 5, 'Elemental BA [Laser]', 22, 'BA', 1, 1, 6, 6, 'Ambusher', 3, 2, 0, 1, 0, 0, 0, 0, 0, 0, 2, 2, 0, 'AM,CAR5,MEC', 'images/mechs/Elemental.png', 'images/DD_ELE_01.png', 1),
(276, 'i35', 2, 958, 5, 'Elemental BA [Flamer]', 23, 'BA', 1, 1, 6, 6, 'Ambusher', 3, 2, 0, 1, 0, 0, 0, 0, 0, 0, 2, 2, 0, 'AM,CAR5,HT1/-/-,MEC', 'images/mechs/Elemental.png', 'images/DD_ELE_01.png', 1),
(277, '13', 2, 3347, 30, 'Uller (Kit Fox) Prime', 31, 'BM', 1, 2, 12, NULL, 'Sniper', 3, 3, 0, 3, 0, 2, 0, 0, 0, 0, 3, 2, 0, 'CASE,FLK0&#42;/0&#42;/0&#42;,OMNI', 'images/mechs/Kit%20Fox.png', 'images/DD_01.png', 1),
(278, '126', 2, 818, 100, 'Daishi (Dire Wolf) Prime', 88, 'BM', 4, 1, 6, NULL, 'Juggernaut', 1, 6, 0, 6, 0, 4, 0, 0, 0, 3, 10, 5, 0, 'CASE,OMNI,OVL', 'images/mechs/Direwolf.png', 'images/DD_01.png', 1),
(279, '101', 2, 2010, 80, 'Man O&apos; War (Gargoyle) Prime', 46, 'BM', 4, 2, 10, NULL, 'Skirmisher', 3, 3, 0, 3, 0, 1, 0, 0, 0, 0, 7, 4, 0, 'CASE,FLK0&#42;/1/1,OMNI,SRM2/2', 'images/mechs/Gargoyle.png', 'images/DD_01.png', 1),
(280, '170', 2, 1211, 95, 'Gladiator (Executioner) Prime', 61, 'BM', 4, 2, 10, 8, 'Sniper', 3, 4, 0, 4, 0, 4, 0, 0, 0, 0, 9, 5, 0, 'CASE,OMNI,JMPW1', 'images/mechs/Executioner.png', 'images/DD_01.png', 1),
(281, '31', 2, 3473, 60, 'Vulture (Mad Dog) Prime', 50, 'BM', 3, 2, 10, NULL, 'Missile Boat', 3, 4, 0, 4, 0, 4, 0, 0, 0, 2, 5, 3, 0, 'CASE,IF2,LRM1/1/2,OMNI', 'images/mechs/Maddog.png', 'images/DD_01.png', 1),
(282, '198', 2, 846, 20, 'Dasher (Fire Moth) Prime', 34, 'BM', 1, 4, 26, NULL, 'Striker', 3, 3, 0, 3, 0, 0, 0, 0, 0, 0, 1, 1, 0, 'CASE,OMNI,SRM1/1', 'images/mechs/Dasher.png', 'images/DD_01.png', 1),
(283, '28', 2, 2097, 85, 'Masakari (Warhawk) Prime', 71, 'BM', 4, 1, 8, NULL, 'Sniper', 2, 5, 0, 5, 0, 5, 0, 0, 0, 3, 9, 5, 0, 'CASE,OMNI,OVL', 'images/mechs/Warhawk.png', 'images/DD_01.png', 1),
(284, '24', 2, 1929, 65, 'Loki (Hellbringer) Prime', 53, 'BM', 3, 2, 10, NULL, 'Striker', 3, 4, 0, 4, 0, 2, 0, 0, 0, 3, 4, 4, 0, 'AMS,CASE,ECM,OMNI,OVL,PRB,RCN', 'images/mechs/Hellbringer.png', 'images/DD_03.png', 1),
(285, '156', 2, 342, 50, 'Black Hawk (Nova) Prime', 49, 'BM', 2, 2, 10, 10, 'Skirmisher', 3, 5, 0, 5, 0, 0, 0, 0, 0, 4, 5, 3, 0, 'ENE,OMNI', 'images/mechs/Nova.png', 'images/DD_01.png', 1),
(286, '169', 2, 2757, 55, 'Ryoken (Stormcrow) Prime', 52, 'BM', 2, 2, 12, NULL, 'Striker', 3, 5, 0, 5, 0, 2, 0, 0, 0, 0, 6, 3, 0, 'ENE,OMNI', 'images/mechs/Stormcrow.png', 'images/DD_01.png', 1),
(287, '152', 2, 1836, 25, 'Koshi (Mist Lynx) Prime', 32, 'BM', 1, 3, 14, 12, 'Scout', 3, 2, 0, 2, 0, 1, 0, 0, 0, 0, 2, 1, 0, 'CASE,IF1,OMNI,PRB,RCN,JMPW1', 'images/mechs/Generic.png', 'images/DD_01.png', 1),
(288, 'i57', 2, 960, 5, 'Elemental BA [Laser]', 25, 'BA', 1, 1, 6, 6, 'Ambusher', 2, 2, 0, 1, 0, 0, 0, 0, 0, 0, 2, 2, 0, 'AM,CAR5,MEC', 'images/mechs/Elemental.png', 'images/DD_ELE_01.png', 1),
(289, 'i58', 2, 961, 5, 'Elemental BA [MG]', 22, 'BA', 1, 1, 6, 6, 'Ambusher', 3, 2, 0, 1, 0, 0, 0, 0, 0, 0, 2, 2, 0, 'AM,CAR5,MEC', 'images/mechs/Elemental.png', 'images/DD_ELE_01.png', 1),
(290, 'i59', 2, 961, 5, 'Elemental BA [MG]', 22, 'BA', 1, 1, 6, 6, 'Ambusher', 3, 2, 0, 1, 0, 0, 0, 0, 0, 0, 2, 2, 0, 'AM,CAR5,MEC', 'images/mechs/Elemental.png', 'images/DD_ELE_01.png', 1),
(291, 'i81', 2, 960, 5, 'Elemental BA [Laser]', 22, 'BA', 1, 1, 6, 6, 'Ambusher', 3, 2, 0, 1, 0, 0, 0, 0, 0, 0, 2, 2, 0, 'AM,CAR5,MEC', 'images/mechs/Elemental.png', 'images/DD_ELE_01.png', 1),
(292, 'i82', 2, 958, 5, 'Elemental BA [Flamer]', 23, 'BA', 1, 1, 6, 6, 'Ambusher', 3, 2, 0, 1, 0, 0, 0, 0, 0, 0, 2, 2, 0, 'AM,CAR5,HT1/-/-,MEC', 'images/mechs/Elemental.png', 'images/DD_ELE_01.png', 1),
(294, '8', 2, 3332, 95, 'Turkina Prime', 67, 'BM', 4, 1, 6, 6, 'Sniper', 3, 5, 0, 6, 0, 6, 0, 0, 0, 0, 10, 5, 0, 'CASE,FLK0&#42;/1/1,IF2,LRM2/2/2,OMNI', 'images/mechs/Generic.png', 'images/DD_01.png', 1),
(295, '47', 2, 369, 55, 'Black Lanner Prime', 56, 'BM', 2, 3, 18, NULL, 'Skirmisher', 3, 3, 0, 3, 0, 2, 0, 0, 0, 1, 5, 3, 0, 'CASE,ECM,IF1,OMNI', 'images/mechs/Black%20Lanner.png', 'images/DD_01.png', 1),
(296, '144', 2, 712, 35, 'Cougar Prime', 37, 'BM', 1, 2, 10, NULL, 'Sniper', 3, 3, 0, 3, 0, 3, 0, 0, 0, 1, 4, 2, 0, 'CASE,IF1,LRM1/1/1,OMNI,OVL', 'images/mechs/Cougar.png', 'images/DD_01.png', 1),
(297, '40', 2, 2892, 45, 'Shadow Cat Prime', 49, 'BM', 2, 3, 16, 12, 'Striker', 3, 3, 0, 3, 0, 2, 0, 0, 0, 0, 4, 2, 0, 'CASE,OMNI,PRB,RCN,JMPW1', 'images/mechs/Shadow%20Cat.png', 'images/DD_01.png', 1),
(299, '76', 2, 2270, 75, 'Night Gyr Prime', 56, 'BM', 3, 1, 8, 8, 'Skirmisher', 3, 6, 0, 6, 0, 5, 0, 0, 0, 1, 7, 4, 0, 'CASE,OMNI', 'images/mechs/Generic.png', 'images/DD_01.png', 1),
(300, '127', 2, 1929, 65, 'Loki (Hellbringer) Prime', 53, 'BM', 3, 2, 10, NULL, 'Striker', 3, 4, 0, 4, 0, 2, 0, 0, 0, 3, 4, 4, 0, 'AMS,CASE,ECM,OMNI,OVL,PRB,RCN', 'images/mechs/Hellbringer.png', 'images/DD_01.png', 1),
(301, '69', 2, 369, 55, 'Black Lanner Prime', 56, 'BM', 2, 3, 18, NULL, 'Skirmisher', 3, 3, 0, 3, 0, 2, 0, 0, 0, 1, 5, 3, 0, 'CASE,ECM,IF1,OMNI', 'images/mechs/Black%20Lanner.png', 'images/DD_01.png', 1),
(308, '40', 2, 712, 35, 'Cougar Prime', 37, 'BM', 1, 2, 10, NULL, 'Sniper', 3, 3, 0, 3, 0, 3, 0, 0, 0, 1, 4, 2, 0, 'CASE,IF1,LRM1/1/1,OMNI,OVL', 'images/mechs/Cougar.png', 'images/DD_01.png', 1),
(309, '7', 2, 3332, 95, 'Turkina Prime', 89, 'BM', 4, 1, 6, 6, 'Sniper', 1, 5, 0, 6, 0, 6, 0, 0, 0, 0, 10, 5, 0, 'CASE,FLK0&#42;/1/1,IF2,LRM2/2/2,OMNI', 'images/mechs/Generic.png', 'images/DD_01.png', 1),
(310, '120', 2, 2010, 80, 'Man O&apos; War (Gargoyle) Prime', 54, 'BM', 4, 2, 10, NULL, 'Skirmisher', 2, 3, 0, 3, 0, 1, 0, 0, 0, 0, 7, 4, 0, 'CASE,FLK0&#42;/1/1,OMNI,SRM2/2', 'images/mechs/Gargoyle.png', 'images/DD_01.png', 1),
(311, 'i83', 2, 960, 5, 'Elemental BA [Laser]', 25, 'BA', 1, 1, 6, 6, 'Ambusher', 2, 2, 0, 1, 0, 0, 0, 0, 0, 0, 2, 2, 0, 'AM,CAR5,MEC', 'images/mechs/Elemental.png', 'images/DD_ELE_01.png', 1),
(313, 'i85', 2, 961, 5, 'Elemental BA [MG]', 22, 'BA', 1, 1, 6, 6, 'Ambusher', 3, 2, 0, 1, 0, 0, 0, 0, 0, 0, 2, 2, 0, 'AM,CAR5,MEC', 'images/mechs/Elemental.png', 'images/DD_ELE_01.png', 1),
(314, 'i84', 2, 961, 5, 'Elemental BA [MG]', 22, 'BA', 1, 1, 6, 6, 'Ambusher', 3, 2, 0, 1, 0, 0, 0, 0, 0, 0, 2, 2, 0, 'AM,CAR5,MEC', 'images/mechs/Elemental.png', 'images/DD_ELE_01.png', 1),
(315, 'i86', 2, 960, 5, 'Elemental BA [Laser]', 22, 'BA', 1, 1, 6, 6, 'Ambusher', 3, 2, 0, 1, 0, 0, 0, 0, 0, 0, 2, 2, 0, 'AM,CAR5,MEC', 'images/mechs/Elemental.png', 'images/DD_ELE_01.png', 1),
(316, 'i87', 2, 958, 5, 'Elemental BA [Flamer]', 23, 'BA', 1, 1, 6, 6, 'Ambusher', 3, 2, 0, 1, 0, 0, 0, 0, 0, 0, 2, 2, 0, 'AM,CAR5,HT1/-/-,MEC', 'images/mechs/Elemental.png', 'images/DD_ELE_01.png', 1),
(317, '162', 2, 342, 50, 'Black Hawk (Nova) Prime', 49, 'BM', 2, 2, 10, 10, 'Skirmisher', 3, 5, 0, 5, 0, 0, 0, 0, 0, 4, 5, 3, 0, 'ENE,OMNI', 'images/mechs/Nova.png', 'images/DD_01.png', 1),
(318, '19', 2, 2598, 35, 'Puma (Adder) Prime', 36, 'BM', 1, 2, 12, NULL, 'Sniper', 3, 3, 0, 3, 0, 3, 0, 0, 0, 1, 4, 2, 0, 'ENE,OMNI,OVL', 'images/mechs/Generic.png', 'images/DD_01.png', 1),
(319, '', 2, 818, 100, 'Daishi (Dire Wolf) Prime', 88, 'BM', 4, 1, 6, NULL, 'Juggernaut', 1, 6, 0, 6, 0, 4, 0, 0, 0, 3, 10, 5, 0, 'CASE,OMNI,OVL', 'images/mechs/Direwolf.png', 'images/DD_01.png', 1),
(320, '48', 2, 2296, 50, 'Nobori-nin (Huntsman) Prime', 50, 'BM', 2, 2, 10, 10, 'Skirmisher', 3, 3, 0, 3, 0, 2, 0, 0, 0, 3, 6, 3, 0, 'AMS,CASE,IF1,OMNI,PRB,RCN,TAG', 'images/mechs/Huntsman.png', 'images/DD_01.png', 1),
(321, '', 2, 3183, 70, 'Thor (Summoner) Prime', 52, 'BM', 3, 2, 10, 10, 'Sniper', 3, 4, 0, 4, 0, 4, 0, 0, 0, 0, 6, 4, 0, 'CASE,FLK1/1/1,IF1,OMNI', 'images/mechs/Summoner.png', 'images/DD_01.png', 1),
(322, '151', 2, 1053, 45, 'Fenris (Ice Ferret) Prime', 53, 'BM', 2, 3, 16, NULL, 'Striker', 3, 3, 0, 3, 0, 2, 0, 0, 0, 0, 5, 2, 0, 'CASE,OMNI,PRB,RCN', 'images/mechs/Ice%20Ferret.png', 'images/DD_01.png', 1),
(323, '', 2, 2598, 35, 'Puma (Adder) Prime', 36, 'BM', 1, 2, 12, NULL, 'Sniper', 3, 3, 0, 3, 0, 3, 0, 0, 0, 1, 4, 2, 0, 'ENE,OMNI,OVL', 'images/mechs/Generic.png', 'images/DD_01.png', 1),
(324, 'P', 2, 818, 100, 'Daishi (Dire Wolf) Prime', 77, 'BM', 4, 1, 6, NULL, 'Juggernaut', 2, 6, 0, 6, 0, 4, 0, 0, 0, 3, 10, 5, 0, 'CASE,OMNI,OVL', 'images/mechs/Direwolf.png', 'images/DD_01.png', 1),
(325, 'P', 2, 1985, 75, 'Mad Cat (Timber Wolf) Prime', 65, 'BM', 3, 2, 10, NULL, 'Brawler', 3, 5, 0, 5, 0, 4, 0, 0, 0, 1, 8, 4, 0, 'CASE,IF2,LRM1/1/2,OMNI', 'images/mechs/Timberwolf.png', 'images/DD_01.png', 1),
(327, '', 2, 3473, 60, 'Vulture (Mad Dog) Prime', 50, 'BM', 3, 2, 10, NULL, 'Missile Boat', 3, 4, 0, 4, 0, 4, 0, 0, 0, 2, 5, 3, 0, 'CASE,IF2,LRM1/1/2,OMNI', 'images/mechs/Maddog.png', 'images/DD_01.png', 1),
(328, '159', 2, 2591, 35, 'Puma (Adder) A', 42, 'BM', 1, 2, 12, NULL, 'Missile Boat', 3, 4, 0, 4, 0, 3, 0, 0, 0, 0, 4, 2, 0, 'CASE,IF2,LRM2/2/2,OMNI', 'images/mechs/Generic.png', 'images/DD_01.png', 1),
(329, '', 2, 1568, 50, 'Hunchback IIC (Standard)', 36, 'BM', 2, 1, 8, 8, 'Ambusher', 2, 4, 0, 4, 0, 0, 0, 0, 0, 2, 3, 3, 0, 'CASE', 'images/mechs/Generic.png', 'images/DD_01.png', 1),
(330, '', 2, 2065, 85, 'Marauder IIC (Standard)', 61, 'BM', 4, 1, 8, NULL, 'Brawler', 3, 6, 0, 6, 0, 5, 0, 0, 0, 3, 7, 7, 0, 'ENE', 'images/mechs/Marauder%20IIC.png', 'images/DD_01.png', 1),
(331, 'P', 2, 1985, 75, 'Mad Cat (Timber Wolf) Prime', 65, 'BM', 3, 2, 10, NULL, 'Brawler', 3, 5, 0, 5, 0, 4, 0, 0, 0, 1, 8, 4, 0, 'CASE,IF2,LRM1/1/2,OMNI', 'images/mechs/Timberwolf.png', 'images/DD_01.png', 1),
(332, 'i88', 2, 960, 5, 'Elemental BA [Laser]', 22, 'BA', 1, 1, 6, 6, 'Ambusher', 3, 2, 0, 1, 0, 0, 0, 0, 0, 0, 2, 2, 0, 'AM,CAR5,MEC', 'images/mechs/Elemental.png', 'images/DD_ELE_01.png', 1),
(333, 'i89', 2, 958, 5, 'Elemental BA [Flamer]', 23, 'BA', 1, 1, 6, 6, 'Ambusher', 3, 2, 0, 1, 0, 0, 0, 0, 0, 0, 2, 2, 0, 'AM,CAR5,HT1/-/-,MEC', 'images/mechs/Elemental.png', 'images/DD_ELE_01.png', 1),
(334, '124', 2, 1805, 100, 'Kodiak (Standard)', 86, 'BM', 4, 1, 8, NULL, 'Brawler', 1, 7, 0, 7, 0, 1, 0, 0, 0, 4, 9, 5, 0, 'CASE', 'images/mechs/Kodiak.png', 'images/DD_03.png', 1),
(335, '4', 2, 2065, 85, 'Marauder IIC (Standard)', 61, 'BM', 4, 1, 8, NULL, 'Brawler', 3, 6, 0, 6, 0, 5, 0, 0, 0, 3, 7, 7, 0, 'ENE', 'images/mechs/Marauder%20IIC.png', 'images/DD_01.png', 1),
(337, '111', 2, 1345, 70, 'Guillotine IIC (Standard)', 49, 'BM', 3, 1, 8, 8, 'Skirmisher', 3, 4, 0, 4, 0, 4, 0, 0, 0, 2, 6, 6, 0, 'CASE', 'images/mechs/Generic.png', 'images/DD_01.png', 1),
(338, '125', 2, 1473, 50, 'Hellhound (Conjurer) (Standard)', 42, 'BM', 2, 2, 12, 12, 'Skirmisher', 3, 3, 0, 3, 0, 2, 0, 0, 0, 1, 5, 4, 0, 'CASE', 'images/mechs/Generic.png', 'images/DD_01.png', 1),
(339, '1', 2, 1698, 35, 'Jenner IIC (Standard)', 35, 'BM', 1, 3, 18, 14, 'Striker', 3, 3, 0, 3, 0, 0, 0, 0, 0, 0, 2, 2, 0, 'CASE,SRM2/2', 'images/mechs/Generic.png', 'images/DD_01.png', 1),
(340, '3', 2, 1524, 90, 'Highlander IIC (Standard)', 83, 'BM', 4, 1, 6, 6, 'Missile Boat', 2, 7, 0, 7, 0, 4, 0, 0, 0, 1, 9, 7, 0, 'CASE,IF2', 'images/mechs/Highlander.png', 'images/DD_01.png', 1),
(341, '99', 2, 2340, 75, 'Orion IIC (Standard)', 55, 'BM', 3, 1, 8, NULL, 'Sniper', 3, 4, 0, 4, 0, 4, 0, 0, 0, 2, 8, 6, 0, 'CASE,IF1,OVL', 'images/mechs/Generic.png', 'images/DD_01.png', 1),
(342, '118', 2, 1473, 50, 'Hellhound (Conjurer) (Standard)', 42, 'BM', 2, 2, 12, 12, 'Skirmisher', 3, 3, 0, 3, 0, 2, 0, 0, 0, 1, 5, 4, 0, 'CASE', 'images/mechs/Generic.png', 'images/DD_01.png', 1),
(343, '78', 2, 1568, 50, 'Hunchback IIC (Standard)', 31, 'BM', 2, 1, 8, 8, 'Ambusher', 3, 4, 0, 4, 0, 0, 0, 0, 0, 2, 3, 3, 0, 'CASE', 'images/mechs/Generic.png', 'images/DD_03.png', 1),
(344, '50', 2, 3441, 30, 'Vixen (Incubus) (Standard)', 46, 'BM', 1, 3, 18, NULL, 'Striker', 3, 4, 0, 3, 0, 2, 0, 0, 0, 0, 4, 2, 0, 'CASE', 'images/mechs/Generic.png', 'images/DD_01.png', 1),
(345, '117', 2, 189, 20, 'Baboon (Howler) (Standard)', 28, 'BM', 1, 3, 14, NULL, 'Missile Boat', 2, 1, 0, 1, 0, 1, 0, 0, 0, 0, 2, 2, 0, 'CASE,IF1', 'images/mechs/Generic.png', 'images/DD_01.png', 1),
(346, '143', 2, 3601, 45, 'Wyvern IIC (Standard)', 41, 'BM', 2, 1, 8, 8, 'Skirmisher', 3, 4, 0, 4, 0, 2, 0, 0, 0, 1, 5, 4, 0, 'CASE,IF1', 'images/mechs/Generic.png', 'images/DD_01.png', 1),
(347, '123', 2, 1473, 50, 'Hellhound (Conjurer) (Standard)', 42, 'BM', 2, 2, 12, 12, 'Skirmisher', 3, 3, 0, 3, 0, 2, 0, 0, 0, 1, 5, 4, 0, 'CASE', 'images/mechs/Generic.png', 'images/DD_01.png', 1),
(349, '68', 2, 3434, 75, 'Viper (Black Python) 3', 59, 'BM', 3, 2, 10, 8, 'Skirmisher', 3, 5, 0, 5, 0, 0, 0, 0, 0, 2, 8, 4, 0, 'CASE,JMPW1', 'images/mechs/Generic.png', 'images/DD_01.png', 1),
(350, '172', 2, 1355, 65, 'Ha Otoko (Standard)', 48, 'BM', 3, 1, 8, NULL, 'Missile Boat', 3, 3, 0, 3, 0, 3, 0, 0, 0, 1, 7, 5, 0, 'CASE,IF3,LRM3/3/3,OVL', 'images/mechs/Generic.png', 'images/DD_01.png', 1),
(351, '37', 2, 318, 100, 'Behemoth (Stone Rhino) (Standard)', 89, 'BM', 4, 1, 6, 6, 'Sniper', 1, 5, 0, 5, 0, 5, 0, 0, 0, 1, 10, 8, 0, 'CASE,OVL', 'images/mechs/Generic.png', 'images/DD_02.png', 1),
(352, '66', 2, 3503, 80, 'Warhammer IIC 4', 60, 'BM', 4, 1, 8, NULL, 'Brawler', 3, 7, 0, 6, 0, 4, 0, 0, 0, 0, 8, 6, 0, 'CASE', 'images/mechs/Warhammer%20IIC.png', 'images/DD_02.png', 1),
(353, '53', 2, 1170, 60, 'Galahad (Glass Spider) (Standard)', 43, 'BM', 3, 1, 8, NULL, 'Sniper', 3, 3, 0, 3, 0, 3, 0, 0, 0, 0, 7, 5, 0, 'CASE', 'images/mechs/Generic.png', 'images/DD_01.png', 1),
(354, '70', 2, 1473, 50, 'Hellhound (Conjurer) (Standard)', 42, 'BM', 2, 2, 12, 12, 'Skirmisher', 3, 3, 0, 3, 0, 2, 0, 0, 0, 1, 5, 4, 0, 'CASE', 'images/mechs/Generic.png', 'images/DD_01.png', 1),
(355, '74', 2, 1473, 50, 'Hellhound (Conjurer) (Standard)', 42, 'BM', 2, 2, 12, 12, 'Skirmisher', 3, 3, 0, 3, 0, 2, 0, 0, 0, 1, 5, 4, 0, 'CASE', 'images/mechs/Generic.png', 'images/DD_01.png', 1),
(356, '49', 2, 2511, 80, 'Phoenix Hawk IIC (Standard)', 57, 'BM', 4, 2, 10, 10, 'Sniper', 2, 4, 0, 3, 0, 3, 0, 0, 0, 0, 7, 4, 0, 'CASE', 'images/mechs/Generic.png', 'images/DD_01.png', 0),
(357, '130', 2, 1170, 60, 'Galahad (Glass Spider) (Standard)', 43, 'BM', 3, 1, 8, NULL, 'Sniper', 3, 3, 0, 3, 0, 3, 0, 0, 0, 0, 7, 5, 0, 'CASE', 'images/mechs/Generic.png', 'images/DD_01.png', 0),
(358, '119', 2, 3432, 75, 'Viper (Black Python) (Standard)', 54, 'BM', 3, 2, 10, 10, 'Skirmisher', 3, 4, 0, 4, 0, 3, 0, 0, 0, 2, 7, 4, 0, 'CASE', 'images/mechs/Generic.png', 'images/DD_01.png', 0),
(359, '2', 2, 1568, 50, 'Hunchback IIC (Standard)', 31, 'BM', 2, 1, 8, 8, 'Ambusher', 3, 4, 0, 4, 0, 0, 0, 0, 0, 2, 3, 3, 0, 'CASE', 'images/mechs/Generic.png', 'images/DD_01.png', 0),
(360, '129', 2, 3441, 30, 'Vixen (Incubus) (Standard)', 46, 'BM', 1, 3, 18, NULL, 'Striker', 3, 4, 0, 3, 0, 2, 0, 0, 0, 0, 4, 2, 0, 'CASE', 'images/mechs/Generic.png', 'images/DD_01.png', 0),
(361, '131', 2, 2535, 20, 'Piranha (Standard)', 35, 'BM', 1, 3, 18, NULL, 'Striker', 2, 5, 0, 2, 0, 0, 0, 0, 0, 0, 2, 1, 0, 'CASE', 'images/mechs/Generic.png', 'images/DD_01.png', 0),
(362, '44', 2, 99, 40, 'Arctic Wolf (Standard)', 47, 'BM', 2, 3, 14, NULL, 'Striker', 3, 4, 0, 4, 0, 0, 0, 0, 0, 1, 3, 2, 0, 'CASE,SNARC,SRM4/4', 'images/mechs/Generic.png', 'images/DD_01.png', 0),
(363, '141', 2, 2392, 30, 'Pack Hunter (Standard)', 32, 'BM', 1, 3, 14, 14, 'Striker', 3, 2, 0, 2, 0, 2, 0, 0, 0, 0, 2, 3, 0, 'ENE', 'images/mechs/Generic.png', 'images/DD_01.png', 0),
(364, '77', 2, 2712, 65, 'Rifleman IIC 3', 48, 'BM', 3, 1, 6, 6, 'Juggernaut', 3, 4, 0, 4, 0, 1, 0, 0, 0, 0, 7, 5, 0, 'CASE,PRB,RCN', 'images/mechs/Rifleman.png', 'images/DD_01.png', 0),
(365, '67', 2, 1170, 60, 'Galahad (Glass Spider) (Standard)', 43, 'BM', 3, 1, 8, NULL, 'Sniper', 3, 3, 0, 3, 0, 3, 0, 0, 0, 0, 7, 5, 0, 'CASE', 'images/mechs/Generic.png', 'images/DD_01.png', 0),
(366, 'D5', 2, 818, 100, 'Daishi (Dire Wolf) Prime', 66, 'BM', 4, 1, 6, NULL, 'Juggernaut', 3, 6, 0, 6, 0, 4, 0, 0, 0, 3, 10, 5, 0, 'CASE,OMNI,OVL', 'images/mechs/Direwolf.png', 'images/DD_01.png', 1),
(367, 'D5', 2, 818, 100, 'Daishi (Dire Wolf) Prime', 88, 'BM', 4, 1, 6, NULL, 'Juggernaut', 1, 6, 0, 6, 0, 4, 0, 0, 0, 3, 10, 5, 0, 'CASE,OMNI,OVL', 'images/mechs/Direwolf.png', 'images/DD_01.png', 1),
(368, 'D3', 2, 1985, 75, 'Mad Cat (Timber Wolf) Prime', 65, 'BM', 3, 2, 10, NULL, 'Brawler', 3, 5, 0, 5, 0, 4, 0, 0, 0, 1, 8, 4, 0, 'CASE,IF2,LRM1/1/2,OMNI', 'images/mechs/Timberwolf.png', 'images/DD_01.png', 1),
(369, 'D1', 2, 342, 50, 'Black Hawk (Nova) Prime', 49, 'BM', 2, 2, 10, 10, 'Skirmisher', 3, 5, 0, 5, 0, 0, 0, 0, 0, 4, 5, 3, 0, 'ENE,OMNI', 'images/mechs/Nova.png', 'images/DD_01.png', 1),
(370, 'D7', 2, 3347, 30, 'Uller (Kit Fox) Prime', 31, 'BM', 1, 2, 12, NULL, 'Sniper', 3, 3, 0, 3, 0, 2, 0, 0, 0, 0, 3, 2, 0, 'CASE,FLK0&#42;/0&#42;/0&#42;,OMNI', 'images/mechs/Kit%20Fox.png', 'images/DD_01.png', 1),
(371, '46', 2, 1836, 25, 'Koshi (Mist Lynx) Prime', 32, 'BM', 1, 3, 14, 12, 'Scout', 3, 2, 0, 2, 0, 1, 0, 0, 0, 0, 2, 1, 0, 'CASE,IF1,OMNI,PRB,RCN,JMPW1', 'images/mechs/Generic.png', 'images/DD_01.png', 1),
(372, 'D4', 2, 818, 100, 'Daishi (Dire Wolf) Prime', 66, 'BM', 4, 1, 6, NULL, 'Juggernaut', 3, 6, 0, 6, 0, 4, 0, 0, 0, 3, 10, 5, 0, 'CASE,OMNI,OVL', 'images/mechs/Direwolf.png', 'images/DD_01.png', 1),
(373, 'D4', 2, 818, 100, 'Daishi (Dire Wolf) Prime', 77, 'BM', 4, 1, 6, NULL, 'Juggernaut', 2, 6, 0, 6, 0, 4, 0, 0, 0, 3, 10, 5, 0, 'CASE,OMNI,OVL', 'images/mechs/Direwolf.png', 'images/DD_01.png', 1),
(374, 'D8', 2, 1985, 75, 'Mad Cat (Timber Wolf) Prime', 65, 'BM', 3, 2, 10, NULL, 'Brawler', 3, 5, 0, 5, 0, 4, 0, 0, 0, 1, 8, 4, 0, 'CASE,IF2,LRM1/1/2,OMNI', 'images/mechs/Timberwolf.png', 'images/DD_01.png', 1),
(375, 'D8', 2, 1985, 75, 'Mad Cat (Timber Wolf) Prime', 65, 'BM', 3, 2, 10, NULL, 'Brawler', 3, 5, 0, 5, 0, 4, 0, 0, 0, 1, 8, 4, 0, 'CASE,IF2,LRM1/1/2,OMNI', 'images/mechs/Timberwolf.png', 'images/DD_04.png', 1),
(376, 'D9', 2, 342, 50, 'Black Hawk (Nova) Prime', 49, 'BM', 2, 2, 10, 10, 'Skirmisher', 3, 5, 0, 5, 0, 0, 0, 0, 0, 4, 5, 3, 0, 'ENE,OMNI', 'images/mechs/Nova.png', 'images/DD_01.png', 1),
(377, 'D6', 2, 818, 100, 'Daishi (Dire Wolf) Prime', 66, 'BM', 4, 1, 6, NULL, 'Juggernaut', 3, 6, 0, 6, 0, 4, 0, 0, 0, 3, 10, 5, 0, 'CASE,OMNI,OVL', 'images/mechs/Direwolf.png', 'images/DD_01.png', 1),
(378, 'D2', 2, 3347, 30, 'Uller (Kit Fox) Prime', 31, 'BM', 1, 2, 12, NULL, 'Sniper', 3, 3, 0, 3, 0, 2, 0, 0, 0, 0, 3, 2, 0, 'CASE,FLK0&#42;/0&#42;/0&#42;,OMNI', 'images/mechs/Kit%20Fox.png', 'images/DD_01.png', 1),
(379, 'I90', 2, 960, 5, 'Elemental BA [Laser]', 22, 'BA', 1, 1, 6, 6, 'Ambusher', 3, 2, 0, 1, 0, 0, 0, 0, 0, 0, 2, 2, 0, 'AM,CAR5,MEC', 'images/mechs/Elemental.png', 'images/DD_ELE_01.png', 1),
(380, '67', 2, 1170, 60, 'Galahad (Glass Spider) (Standard)', 43, 'BM', 3, 1, 8, NULL, 'Sniper', 3, 3, 0, 3, 0, 3, 0, 0, 0, 0, 7, 5, 0, 'CASE', 'images/mechs/Generic.png', 'images/DD_01.png', 1),
(381, '149', 2, 926, 40, 'Dragonfly (Viper) Prime', 44, 'BM', 2, 3, 16, 16, 'Scout', 3, 3, 0, 3, 0, 0, 0, 0, 0, 0, 4, 2, 0, 'AMS,CASE,OMNI', 'images/mechs/Generic.png', 'images/DD_01.png', 1),
(382, '29', 2, 3347, 30, 'Uller (Kit Fox) Prime', 31, 'BM', 1, 2, 12, NULL, 'Sniper', 3, 3, 0, 3, 0, 2, 0, 0, 0, 0, 3, 2, 0, 'CASE,FLK0&#42;/0&#42;/0&#42;,OMNI', 'images/mechs/Kit%20Fox.png', 'images/DD_01.png', 1),
(383, 'D10', 2, 342, 50, 'Black Hawk (Nova) Prime', 49, 'BM', 2, 2, 10, 10, 'Skirmisher', 3, 5, 0, 5, 0, 0, 0, 0, 0, 4, 5, 3, 0, 'ENE,OMNI', 'images/mechs/Nova.png', 'images/DD_01.png', 1),
(384, '89', 2, 1985, 75, 'Mad Cat (Timber Wolf) Prime', 76, 'BM', 3, 2, 10, NULL, 'Brawler', 2, 5, 0, 5, 0, 4, 0, 0, 0, 1, 8, 4, 0, 'CASE,IF2,LRM1/1/2,OMNI', 'images/mechs/Timberwolf.png', 'images/DD_01.png', 1),
(385, '', 2, 1929, 65, 'Loki (Hellbringer) Prime', 53, 'BM', 3, 2, 10, NULL, 'Striker', 3, 4, 0, 4, 0, 2, 0, 0, 0, 3, 4, 4, 0, 'AMS,CASE,ECM,OMNI,OVL,PRB,RCN', 'images/mechs/Hellbringer.png', 'images/DD_01.png', 1),
(386, '', 2, 2591, 35, 'Puma (Adder) A', 42, 'BM', 1, 2, 12, NULL, 'Missile Boat', 3, 4, 0, 4, 0, 3, 0, 0, 0, 0, 4, 2, 0, 'CASE,IF2,LRM2/2/2,OMNI', 'images/mechs/Generic.png', 'images/DD_01.png', 1),
(387, '', 2, 2591, 35, 'Puma (Adder) A', 42, 'BM', 1, 2, 12, NULL, 'Missile Boat', 3, 4, 0, 4, 0, 3, 0, 0, 0, 0, 4, 2, 0, 'CASE,IF2,LRM2/2/2,OMNI', 'images/mechs/Generic.png', 'images/DD_01.png', 1),
(388, '', 2, 1985, 75, 'Mad Cat (Timber Wolf) Prime', 65, 'BM', 3, 2, 10, NULL, 'Brawler', 3, 5, 0, 5, 0, 4, 0, 0, 0, 1, 8, 4, 0, 'CASE,IF2,LRM1/1/2,OMNI', 'images/mechs/Timberwolf.png', 'images/DD_01.png', 1),
(389, '', 2, 1929, 65, 'Loki (Hellbringer) Prime', 53, 'BM', 3, 2, 10, NULL, 'Striker', 3, 4, 0, 4, 0, 2, 0, 0, 0, 3, 4, 4, 0, 'AMS,CASE,ECM,OMNI,OVL,PRB,RCN', 'images/mechs/Hellbringer.png', 'images/DD_01.png', 1),
(390, '', 2, 1568, 50, 'Hunchback IIC (Standard)', 31, 'BM', 2, 1, 8, 8, 'Ambusher', 3, 4, 0, 4, 0, 0, 0, 0, 0, 2, 3, 3, 0, 'CASE', 'images/mechs/Generic.png', 'images/DD_01.png', 1),
(391, '', 2, 2065, 85, 'Marauder IIC (Standard)', 61, 'BM', 4, 1, 8, NULL, 'Brawler', 3, 6, 0, 6, 0, 5, 0, 0, 0, 3, 7, 7, 0, 'ENE', 'images/mechs/Marauder%20IIC.png', 'images/DD_01.png', 1),
(392, '', 2, 7310, 100, 'Atlas II AS7-D-H (Kerensky)', 82, 'BM', 4, 1, 6, NULL, 'Juggernaut', 3, 7, 0, 7, 0, 5, 0, 0, 0, 1, 10, 8, 0, 'CASE,ECM,FLK(1/1/1),IF2,PRB,RCN', 'images/mechs/Generic.png', 'images/DD_01.png', 1),
(393, '', 2, 1985, 75, 'Mad Cat (Timber Wolf) Prime', 65, 'BM', 3, 2, 10, NULL, 'Brawler', 3, 5, 0, 5, 0, 4, 0, 0, 0, 1, 8, 4, 0, 'CASE,IF2,LRM1/1/2,OMNI', 'images/mechs/Timberwolf.png', 'images/DD_01.png', 1),
(394, '', 2, 342, 50, 'Black Hawk (Nova) Prime', 49, 'BM', 2, 2, 10, 10, 'Skirmisher', 3, 5, 0, 5, 0, 0, 0, 0, 0, 4, 5, 3, 0, 'ENE,OMNI', 'images/mechs/Nova.png', 'images/DD_01.png', 1),
(395, '', 2, 342, 50, 'Black Hawk (Nova) Prime', 49, 'BM', 2, 2, 10, 10, 'Skirmisher', 3, 5, 0, 5, 0, 0, 0, 0, 0, 4, 5, 3, 0, 'ENE,OMNI', 'images/mechs/Nova.png', 'images/DD_01.png', 1),
(396, '1', 2, 1243, 55, 'Goshawk (Vapor Eagle) (Standard)', 49, 'BM', 2, 2, 12, 12, 'Skirmisher', 3, 5, 0, 4, 0, 2, 0, 0, 0, 1, 6, 3, 0, 'CASE', 'images/mechs/Generic.png', 'images/DD_01.png', 1),
(397, '2', 2, 1244, 55, 'Goshawk (Vapor Eagle) 2', 48, 'BM', 2, 2, 12, 12, 'Skirmisher', 3, 5, 0, 4, 0, 2, 0, 0, 0, 0, 6, 3, 0, 'CASE', 'images/mechs/Generic.png', 'images/DD_01.png', 1),
(398, '3', 2, 1245, 55, 'Goshawk (Vapor Eagle) 3', 49, 'BM', 2, 2, 12, 12, 'Skirmisher', 3, 4, 0, 4, 0, 2, 0, 0, 0, 2, 6, 3, 0, 'CASE', 'images/mechs/Generic.png', 'images/DD_01.png', 1),
(399, '4', 2, 1246, 55, 'Goshawk (Vapor Eagle) 4', 61, 'BM', 2, 2, 12, NULL, 'Skirmisher', 3, 8, 0, 7, 0, 1, 0, 0, 0, 0, 6, 3, 0, 'CASE', 'images/mechs/Generic.png', 'images/DD_01.png', 1),
(400, '', 1, 526, 95, 'Cerberus MR-5M', 55, 'BM', 4, 1, 8, NULL, 'Brawler', 3, 5, 0, 5, 0, 3, 0, 0, 0, 2, 8, 4, 0, 'AMS,REAR0&#42;/-/-', 'images/mechs/Generic.png', 'images/DD_01.png', 1),
(401, '', 1, 526, 95, 'Cerberus MR-5M', 55, 'BM', 4, 1, 8, NULL, 'Brawler', 3, 5, 0, 5, 0, 3, 0, 0, 0, 2, 8, 4, 0, 'AMS,REAR0&#42;/-/-', 'images/mechs/Generic.png', 'images/DD_01.png', 1),
(402, '', 1, 527, 95, 'Cerberus MR-6B', 62, 'BM', 4, 1, 8, NULL, 'Brawler', 3, 5, 0, 5, 0, 3, 0, 0, 0, 2, 9, 4, 0, 'AMS,C3I,MHQ2', 'images/mechs/Generic.png', 'images/DD_01.png', 1),
(403, '', 1, 528, 95, 'Cerberus MR-V2', 54, 'BM', 4, 1, 8, NULL, 'Brawler', 3, 6, 0, 6, 0, 3, 0, 0, 0, 0, 7, 4, 0, 'AMS,REAR0&#42;/-/-', 'images/mechs/Generic.png', 'images/DD_01.png', 1),
(404, '', 1, 529, 95, 'Cerberus MR-V3', 54, 'BM', 4, 1, 8, NULL, 'Brawler', 3, 6, 0, 6, 0, 3, 0, 0, 0, 0, 7, 4, 0, 'AMS', 'images/mechs/Generic.png', 'images/DD_01.png', 1),
(405, '', 2, 3507, 80, 'Warhammer IIC 8', 54, 'BM', 4, 2, 10, NULL, 'Skirmisher', 3, 4, 0, 4, 0, 0, 0, 0, 0, 2, 7, 4, 0, 'CASE,HT2/2/2', 'images/mechs/Warhammer%20IIC.png', 'images/DD_01.png', 1),
(406, '', 2, 3507, 80, 'Warhammer IIC 8', 54, 'BM', 4, 2, 10, NULL, 'Skirmisher', 3, 4, 0, 4, 0, 0, 0, 0, 0, 2, 7, 4, 0, 'CASE,HT2/2/2', 'images/mechs/Warhammer%20IIC.png', 'images/DD_01.png', 1),
(407, '94', 2, 1211, 95, 'Gladiator (Executioner) Prime', 81, 'BM', 4, 2, 10, 8, 'Sniper', 1, 4, 0, 4, 0, 4, 0, 0, 0, 0, 9, 5, 0, 'CASE,OMNI,JMPW1', 'images/mechs/Executioner.png', 'images/DD_01.png', 1),
(408, '170', 2, 1205, 95, 'Gladiator (Executioner) C', 77, 'BM', 4, 2, 10, 8, 'Missile Boat', 2, 5, 0, 5, 0, 2, 0, 0, 0, 0, 9, 5, 0, 'CASE,IF2,OMNI,JMPW1', 'images/mechs/Executioner.png', 'images/DD_01.png', 1),
(409, '166', 2, 2757, 55, 'Ryoken (Stormcrow) Prime', 52, 'BM', 2, 2, 12, NULL, 'Striker', 3, 5, 0, 5, 0, 2, 0, 0, 0, 0, 6, 3, 0, 'ENE,OMNI', 'images/mechs/Stormcrow.png', 'images/DD_01.png', 1),
(410, '167', 2, 2750, 55, 'Ryoken (Stormcrow) B', 55, 'BM', 2, 2, 12, NULL, 'Striker', 2, 4, 0, 4, 0, 0, 0, 0, 0, 3, 6, 3, 0, 'CASE,OMNI', 'images/mechs/Stormcrow.png', 'images/DD_01.png', 1),
(411, '15', 1, 1297, 55, 'Griffin GRF-1N', 37, 'BM', 2, 2, 10, 10, 'Sniper', 3, 1, 0, 2, 0, 2, 0, 0, 0, 0, 5, 5, 0, 'IF1', 'images/mechs/Griffin.png', 'images/DD_01.png', 1),
(412, '04', 1, 2425, 35, 'Panther PNT-9R', 19, 'BM', 1, 1, 8, 8, 'Brawler', 4, 2, 0, 2, 0, 1, 0, 0, 0, 0, 3, 3, 0, '-', 'images/mechs/Generic.png', 'images/DD_01.png', 1),
(413, '01', 1, 1901, 20, 'Locust LCT-1V', 18, 'BM', 1, 3, 16, NULL, 'Scout', 4, 1, 0, 1, 0, 0, 0, 0, 0, 0, 2, 2, 0, '-', 'images/mechs/Generic.png', 'images/DD_01.png', 1),
(414, '01', 1, 1901, 20, 'Locust LCT-1V', 18, 'BM', 1, 3, 16, NULL, 'Scout', 4, 1, 0, 1, 0, 0, 0, 0, 0, 0, 2, 2, 0, '-', 'images/mechs/Generic.png', 'images/DD_01.png', 1),
(415, '50', 1, 2697, 60, 'Rifleman RFL-3N', 26, 'BM', 3, 1, 8, NULL, 'Sniper', 4, 2, 0, 2, 0, 1, 0, 0, 0, 2, 4, 5, 0, '-', 'images/mechs/Rifleman.png', 'images/DD_01.png', 1),
(416, '33', 1, 373, 45, 'Blackjack BJ-1', 41, 'BM', 2, 1, 8, 8, 'Sniper', 1, 2, 0, 2, 0, 0, 0, 0, 0, 1, 5, 4, 0, '-', 'images/mechs/Generic.png', 'images/DD_01.png', 1),
(417, '1', 1, 3560, 35, 'Wolfhound WLF-1', 39, 'BM', 1, 2, 12, NULL, 'Striker', 1, 2, 0, 2, 0, 0, 0, 0, 0, 1, 4, 3, 0, 'ENE,REAR1/1/-', 'images/mechs/Generic.png', 'images/DD_01.png', 1),
(418, '233', 1, 3372, 30, 'Valkyrie VLK-QA', 26, 'BM', 1, 2, 10, 10, 'Missile Boat', 3, 1, 0, 2, 0, 1, 0, 0, 0, 0, 3, 3, 0, 'IF1', 'images/mechs/Generic.png', 'images/DD_01.png', 1),
(419, '34', 1, 3538, 40, 'Whitworth WTH-1', 35, 'BM', 2, 1, 8, 8, 'Missile Boat', 2, 2, 0, 2, 0, 2, 0, 0, 0, 1, 4, 3, 0, 'IF1', 'images/mechs/Generic.png', 'images/DD_01.png', 1),
(420, '', 2, 846, 20, 'Dasher (Fire Moth) Prime', 34, 'BM', 1, 4, 26, NULL, 'Striker', 3, 3, 0, 3, 0, 0, 0, 0, 0, 0, 1, 1, 0, 'CASE,OMNI,SRM1/1', 'images/mechs/Dasher.png', 'images/DD_01.png', 1),
(421, '', 1, 667, 25, 'Commando COM-1B', 20, 'BM', 1, 2, 12, NULL, 'Striker', 3, 2, 0, 2, 0, 0, 0, 0, 0, 0, 2, 2, 0, '-', 'images/mechs/Generic.png', 'images/DD_01.png', 1),
(422, '', 2, 1976, 75, 'Mad Cat (Timber Wolf) (Bounty Hunter)', 83, 'BM', 3, 2, 10, NULL, 'Brawler', 2, 6, 0, 6, 0, 3, 0, 0, 0, 0, 8, 4, 0, 'ECM,ENE,LTAG,OMNI,PRB,RCN', 'images/mechs/Timberwolf.png', 'images/DD_01.png', 1),
(423, '', 2, 3347, 30, 'Uller (Kit Fox) Prime', 31, 'BM', 1, 2, 12, NULL, 'Sniper', 3, 3, 0, 3, 0, 2, 0, 0, 0, 0, 3, 2, 0, 'CASE,FLK0&#42;/0&#42;/0&#42;,OMNI', 'images/mechs/Kit%20Fox.png', 'images/DD_01.png', 1),
(424, '', 2, 1571, 50, 'Hunchback IIC 4', 42, 'BM', 2, 1, 8, 8, 'Brawler', 3, 5, 0, 5, 0, 3, 0, 0, 0, 0, 4, 3, 0, 'CASE,ECM', 'images/mechs/Generic.png', 'images/DD_01.png', 1),
(425, '', 2, 1568, 50, 'Hunchback IIC (Standard)', 31, 'BM', 2, 1, 8, 8, 'Ambusher', 3, 4, 0, 4, 0, 0, 0, 0, 0, 2, 3, 3, 0, 'CASE', 'images/mechs/Generic.png', 'images/DD_01.png', 1),
(426, '', 2, 1929, 65, 'Loki (Hellbringer) Prime', 53, 'BM', 3, 2, 10, NULL, 'Striker', 3, 4, 0, 4, 0, 2, 0, 0, 0, 3, 4, 4, 0, 'AMS,CASE,ECM,OMNI,OVL,PRB,RCN', 'images/mechs/Hellbringer.png', 'images/DD_01.png', 1),
(427, '', 2, 1929, 65, 'Loki (Hellbringer) Prime', 53, 'BM', 3, 2, 10, NULL, 'Striker', 3, 4, 0, 4, 0, 2, 0, 0, 0, 3, 4, 4, 0, 'AMS,CASE,ECM,OMNI,OVL,PRB,RCN', 'images/mechs/Hellbringer.png', 'images/DD_01.png', 1),
(428, '', 2, 1977, 75, 'Mad Cat (Timber Wolf) (Pryde)', 61, 'BM', 3, 2, 10, 8, 'Missile Boat', 3, 4, 0, 4, 0, 4, 0, 0, 0, 2, 8, 4, 0, 'CASE,IF2,LRM1/1/2,OMNI,JMPW1', 'images/mechs/Timberwolf.png', 'images/DD_01.png', 1),
(429, '', 2, 2054, 100, 'Marauder II C', 71, 'BM', 4, 1, 8, 8, 'Skirmisher', 2, 6, 0, 6, 0, 4, 0, 0, 0, 0, 9, 5, 0, 'CASE,FLK1/1/1', 'images/mechs/Marauder%20IIC.png', 'images/DD_01.png', 1),
(430, '', 2, 2291, 50, 'Nobori-nin (Huntsman) C', 61, 'BM', 2, 2, 10, 10, 'Missile Boat', 2, 4, 0, 4, 0, 3, 0, 0, 0, 1, 6, 3, 0, 'CASE,IF2,LRM1/1/1,OMNI', 'images/mechs/Huntsman.png', 'images/DD_01.png', 1),
(431, '', 2, 811, 100, 'Daishi (Dire Wolf) &quot;Widowmaker&quot;', 83, 'BM', 4, 1, 6, NULL, 'Juggernaut', 2, 7, 0, 7, 0, 6, 0, 0, 0, 3, 10, 5, 0, 'CASE,OMNI', 'images/mechs/Direwolf.png', 'images/DD_01.png', 1),
(432, '', 2, 3183, 70, 'Thor (Summoner) Prime', 52, 'BM', 3, 2, 10, 10, 'Sniper', 3, 4, 0, 4, 0, 4, 0, 0, 0, 0, 6, 4, 0, 'CASE,FLK1/1/1,IF1,OMNI', 'images/mechs/Summoner.png', 'images/DD_01.png', 1),
(433, '', 2, 1977, 75, 'Mad Cat (Timber Wolf) (Pryde)', 71, 'BM', 3, 2, 10, 8, 'Missile Boat', 2, 4, 0, 4, 0, 4, 0, 0, 0, 2, 8, 4, 0, 'CASE,IF2,LRM1/1/2,OMNI,JMPW1', 'images/mechs/Timberwolf.png', 'images/DD_01.png', 1),
(434, '', 2, 7310, 100, 'Atlas II AS7-D-H (Kerensky)', 110, 'BM', 4, 1, 6, NULL, 'Juggernaut', 1, 7, 0, 7, 0, 5, 0, 0, 0, 1, 10, 8, 0, 'CASE,ECM,FLK(1/1/1),IF2,PRB,RCN', 'images/mechs/Generic.png', 'images/DD_01.png', 1),
(435, '', 2, 2092, 85, 'Masakari (Warhawk) B', 72, 'BM', 4, 1, 8, NULL, 'Brawler', 2, 6, 0, 7, 0, 2, 0, 0, 0, 0, 9, 5, 0, 'CASE,OMNI,SNARC,SRM2/2', 'images/mechs/Warhawk.png', 'images/DD_01.png', 1),
(436, '', 2, 3500, 80, 'Warhammer IIC (Standard)', 60, 'BM', 4, 1, 8, NULL, 'Brawler', 3, 6, 0, 6, 0, 3, 0, 0, 0, 2, 8, 6, 0, 'CASE', 'images/mechs/Warhammer%20IIC.png', 'images/DD_01.png', 1),
(437, '', 2, 6876, 70, 'Thor (Summoner) AA', 49, 'BM', 3, 2, 10, 10, 'Sniper', 3, 4, 0, 4, 0, 3, 0, 0, 0, 0, 6, 4, 0, 'CASE,OMNI', 'images/mechs/Summoner.png', 'images/DD_01.png', 1),
(438, '', 2, 811, 100, 'Daishi (Dire Wolf) &quot;Widowmaker&quot;', 83, 'BM', 4, 1, 6, NULL, 'Juggernaut', 2, 7, 0, 7, 0, 6, 0, 0, 0, 3, 10, 5, 0, 'CASE,OMNI', 'images/mechs/Direwolf.png', 'images/DD_01.png', 1),
(439, '', 2, 7403, 75, 'Orion IIC (Burton)', 69, 'BM', 3, 1, 8, 8, 'Sniper', 2, 5, 0, 4, 0, 4, 0, 0, 0, 2, 8, 4, 0, 'AMS,LPRB,RCN,FLK1/1/1,OVL,IF0&#42;,CASE', 'images/mechs/Generic.png', 'images/DD_01.png', 1),
(440, '', 2, 2065, 85, 'Marauder IIC (Standard)', 61, 'BM', 4, 1, 8, NULL, 'Brawler', 3, 6, 0, 6, 0, 5, 0, 0, 0, 3, 7, 7, 0, 'ENE', 'images/mechs/Marauder%20IIC.png', 'images/DD_01.png', 1),
(441, '', 2, 3500, 80, 'Warhammer IIC (Standard)', 60, 'BM', 4, 1, 8, NULL, 'Brawler', 3, 6, 0, 6, 0, 3, 0, 0, 0, 2, 8, 6, 0, 'CASE', 'images/mechs/Warhammer%20IIC.png', 'images/DD_01.png', 1),
(442, '', 2, 3182, 70, 'Thor (Summoner) M', 57, 'BM', 3, 2, 10, 10, 'Sniper', 2, 4, 0, 4, 0, 3, 0, 0, 0, 0, 6, 4, 0, 'CASE,FLK1/1/1,OMNI', 'images/mechs/Summoner.png', 'images/DD_01.png', 1),
(443, '', 2, 1524, 90, 'Highlander IIC (Standard)', 71, 'BM', 4, 1, 6, 6, 'Missile Boat', 3, 7, 0, 7, 0, 4, 0, 0, 0, 1, 9, 7, 0, 'CASE,IF2', 'images/mechs/Highlander.png', 'images/DD_01.png', 1),
(444, '', 2, 811, 100, 'Daishi (Dire Wolf) &quot;Widowmaker&quot;', 95, 'BM', 4, 1, 6, NULL, 'Juggernaut', 1, 7, 0, 7, 0, 6, 0, 0, 0, 3, 10, 5, 0, 'CASE,OMNI', 'images/mechs/Direwolf.png', 'images/DD_01.png', 1),
(445, '', 2, 812, 100, 'Daishi (Dire Wolf) (Hohiro)', 97, 'BM', 4, 1, 6, NULL, 'Sniper', 1, 8, 0, 8, 0, 7, 0, 0, 0, 0, 10, 5, 0, 'CASE,OMNI', 'images/mechs/Direwolf.png', 'images/DD_01.png', 1),
(446, '', 2, 812, 100, 'Daishi (Dire Wolf) (Hohiro)', 97, 'BM', 4, 1, 6, NULL, 'Sniper', 1, 8, 0, 8, 0, 7, 0, 0, 0, 0, 10, 5, 0, 'CASE,OMNI', 'images/mechs/Direwolf.png', 'images/DD_01.png', 1),
(447, '', 2, 1976, 75, 'Mad Cat (Timber Wolf) (Bounty Hunter)', 83, 'BM', 3, 2, 10, NULL, 'Brawler', 2, 6, 0, 6, 0, 3, 0, 0, 0, 0, 8, 4, 0, 'ECM,ENE,LTAG,OMNI,PRB,RCN', 'images/mechs/Timberwolf.png', 'images/DD_02.png', 1),
(448, '', 2, 1976, 75, 'Mad Cat (Timber Wolf) (Bounty Hunter)', 83, 'BM', 3, 2, 10, NULL, 'Brawler', 2, 6, 0, 6, 0, 3, 0, 0, 0, 0, 8, 4, 0, 'ECM,ENE,LTAG,OMNI,PRB,RCN', 'images/mechs/Timberwolf.png', 'images/DD_01.png', 1),
(449, '', 2, 496, 65, 'Cauldron-Born (Ebon Jaguar) Prime', 49, 'BM', 3, 2, 10, NULL, 'Skirmisher', 3, 3, 0, 4, 0, 3, 0, 0, 0, 0, 6, 4, 0, 'CASE,FLK0&#42;/0&#42;/0&#42;,IF1,OMNI', 'images/mechs/Ebon%20Jaguar.png', 'images/DD_01.png', 1),
(450, '', 2, 1925, 65, 'Loki (Hellbringer) C', 48, 'BM', 3, 2, 10, NULL, 'Striker', 3, 5, 0, 5, 0, 2, 0, 0, 0, 1, 4, 4, 0, 'CASE,FLK1/1/-,OMNI', 'images/mechs/Hellbringer.png', 'images/DD_01.png', 1),
(451, '', 2, 1925, 65, 'Loki (Hellbringer) C', 48, 'BM', 3, 2, 10, NULL, 'Striker', 3, 5, 0, 5, 0, 2, 0, 0, 0, 1, 4, 4, 0, 'CASE,FLK1/1/-,OMNI', 'images/mechs/Hellbringer.png', 'images/DD_01.png', 1),
(452, '', 2, 3473, 60, 'Vulture (Mad Dog) Prime', 58, 'BM', 3, 2, 10, NULL, 'Missile Boat', 2, 4, 0, 4, 0, 4, 0, 0, 0, 2, 5, 3, 0, 'CASE,IF2,LRM1/1/2,OMNI', 'images/mechs/Maddog.png', 'images/DD_01.png', 1),
(453, '', 2, 2053, 100, 'Marauder II (Bounty Hunter)', 97, 'BM', 4, 1, 6, 6, 'Sniper', 1, 6, 0, 7, 0, 5, 0, 0, 0, 2, 10, 8, 0, 'CASE', 'images/mechs/Generic.png', 'images/DD_01.png', 1),
(454, '', 2, 1525, 90, 'Highlander IIC 2', 90, 'BM', 4, 1, 6, 6, 'Juggernaut', 1, 7, 0, 6, 0, 3, 0, 0, 0, 4, 9, 7, 0, 'CASE,ECM', 'images/mechs/Highlander.png', 'images/DD_01.png', 1),
(455, '', 2, 3183, 70, 'Thor (Summoner) Prime', 52, 'BM', 3, 2, 10, 10, 'Sniper', 3, 4, 0, 4, 0, 4, 0, 0, 0, 0, 6, 4, 0, 'CASE,FLK1/1/1,IF1,OMNI', 'images/mechs/Summoner.png', 'images/DD_01.png', 1),
(456, '', 2, 2711, 65, 'Rifleman IIC 2', 37, 'BM', 3, 1, 8, 6, 'Sniper', 3, 1, 0, 2, 0, 2, 0, 0, 0, 0, 7, 5, 0, 'CASE', 'images/mechs/Rifleman.png', 'images/DD_01.png', 1),
(457, '', 2, 3473, 60, 'Vulture (Mad Dog) Prime', 58, 'BM', 3, 2, 10, NULL, 'Missile Boat', 2, 4, 0, 4, 0, 4, 0, 0, 0, 2, 5, 3, 0, 'CASE,IF2,LRM1/1/2,OMNI', 'images/mechs/Maddog.png', 'images/DD_01.png', 1),
(458, '', 2, 2598, 35, 'Puma (Adder) Prime', 36, 'BM', 1, 2, 12, NULL, 'Sniper', 3, 3, 0, 3, 0, 3, 0, 0, 0, 1, 4, 2, 0, 'ENE,OMNI,OVL', 'images/mechs/Generic.png', 'images/DD_01.png', 1),
(459, '', 2, 2094, 85, 'Masakari (Warhawk) D', 75, 'BM', 4, 1, 8, NULL, 'Sniper', 2, 7, 0, 6, 0, 5, 0, 0, 0, 0, 9, 5, 0, 'CASE,OMNI', 'images/mechs/Warhawk.png', 'images/DD_01.png', 1),
(460, '', 2, 1976, 75, 'Mad Cat (Timber Wolf) (Bounty Hunter)', 83, 'BM', 3, 2, 10, NULL, 'Brawler', 2, 6, 0, 6, 0, 3, 0, 0, 0, 0, 8, 4, 0, 'ECM,ENE,LTAG,OMNI,PRB,RCN', 'images/mechs/Timberwolf.png', 'images/DD_01.png', 1),
(461, '', 2, 812, 100, 'Daishi (Dire Wolf) (Hohiro)', 73, 'BM', 4, 1, 6, NULL, 'Sniper', 3, 8, 0, 8, 0, 7, 0, 0, 0, 0, 10, 5, 0, 'CASE,OMNI', 'images/mechs/Direwolf.png', 'images/DD_01.png', 1),
(462, '', 2, 2593, 35, 'Puma (Adder) C', 37, 'BM', 1, 2, 12, NULL, 'Missile Boat', 3, 3, 0, 3, 0, 2, 0, 0, 0, 0, 4, 2, 0, 'CASE,IF2,LRM2/2/2,OMNI,SNARC', 'images/mechs/Generic.png', 'images/DD_01.png', 1),
(463, '', 2, 44, 100, 'Annihilator C &quot;Gausszilla&quot;', 78, 'BM', 4, 0, 4, NULL, 'Juggernaut', 2, 7, 0, 8, 0, 8, 0, 0, 0, 0, 7, 8, 0, 'CASE', 'images/mechs/Annihilator.png', 'images/DD_01.png', 1),
(464, '', 2, 6858, 80, 'Warhammer IIC 11', 68, 'BM', 4, 1, 8, NULL, 'Juggernaut', 2, 7, 0, 7, 0, 0, 0, 0, 0, 0, 8, 6, 0, 'CASE', 'images/mechs/Warhammer%20IIC.png', 'images/DD_01.png', 1),
(465, '', 2, 2340, 75, 'Orion IIC (Standard)', 55, 'BM', 3, 1, 8, NULL, 'Sniper', 3, 4, 0, 4, 0, 4, 0, 0, 0, 2, 8, 6, 0, 'CASE,IF1,OVL', 'images/mechs/Generic.png', 'images/DD_01.png', 1),
(466, '', 2, 3469, 60, 'Vulture (Mad Dog) D', 58, 'BM', 3, 2, 10, NULL, 'Skirmisher', 3, 8, 0, 6, 0, 2, 0, 0, 0, 2, 5, 3, 0, 'CASE,OMNI', 'images/mechs/Maddog.png', 'images/DD_01.png', 1),
(467, '', 2, 1923, 65, 'Loki (Hellbringer) A', 50, 'BM', 3, 2, 10, NULL, 'Striker', 3, 4, 0, 4, 0, 3, 0, 0, 0, 1, 4, 4, 0, 'CASE,IF1,OMNI,PRB,RCN,SNARC', 'images/mechs/Hellbringer.png', 'images/DD_01.png', 1);
INSERT INTO `asc_mech` (`mechid`, `mech_number`, `tech`, `mulid`, `mech_tonnage`, `as_model`, `as_pv`, `as_tp`, `as_sz`, `as_tmm`, `as_mv`, `as_mvj`, `as_role`, `as_skill`, `as_short`, `as_short_min`, `as_medium`, `as_medium_min`, `as_long`, `as_long_min`, `as_extreme`, `as_extreme_min`, `as_ov`, `as_armor`, `as_structure`, `as_threshold`, `as_specials`, `mech_imageurl`, `mech_statusimageurl`, `active_bid`) VALUES
(468, '', 1, 2425, 35, 'Panther PNT-9R', 23, 'BM', 1, 1, 8, 8, 'Brawler', 3, 2, 0, 2, 0, 1, 0, 0, 0, 0, 3, 3, 0, '-', 'images/mechs/Generic.png', 'images/DD_04.png', 1),
(469, '', 2, 2757, 55, 'Ryoken (Stormcrow) Prime', 52, 'BM', 2, 2, 12, NULL, 'Striker', 3, 5, 0, 5, 0, 2, 0, 0, 0, 0, 6, 3, 0, 'ENE,OMNI', 'images/mechs/Stormcrow.png', 'images/DD_04.png', 1),
(470, '', 2, 1807, 100, 'Kodiak 3', 65, 'BM', 4, 1, 8, NULL, 'Brawler', 2, 6, 0, 6, 0, 0, 0, 0, 0, 0, 9, 5, 0, 'CASE,FLK3/3/-', 'images/mechs/Kodiak.png', 'images/DD_01.png', 1),
(471, '', 2, 2054, 100, 'Marauder II C', 71, 'BM', 4, 1, 8, 8, 'Skirmisher', 2, 6, 0, 6, 0, 4, 0, 0, 0, 0, 9, 5, 0, 'CASE,FLK1/1/1', 'images/mechs/Marauder%20IIC.png', 'images/DD_01.png', 1),
(472, '', 1, 2333, 75, 'Orion ON1-K (Kerensky)', 57, 'BM', 3, 1, 8, NULL, 'Brawler', 2, 4, 0, 4, 0, 2, 0, 0, 0, 0, 8, 6, 0, 'CASE', 'images/mechs/Generic.png', 'images/DD_01.png', 1),
(473, '', 1, 2613, 60, 'Quickdraw QKD-5K', 47, 'BM', 3, 2, 10, 10, 'Skirmisher', 2, 3, 0, 3, 0, 0, 0, 0, 0, 0, 5, 5, 0, 'REAR1/1/-', 'images/mechs/Generic.png', 'images/DD_01.png', 1),
(474, '', 1, 1771, 100, 'King Crab KGC-0000', 53, 'BM', 4, 1, 6, NULL, 'Juggernaut', 3, 3, 0, 3, 0, 1, 0, 0, 0, 2, 9, 8, 0, 'AC2/2/-,IF1', 'images/mechs/Generic.png', 'images/DD_01.png', 1),
(475, '', 1, 525, 50, 'Centurion CN9-YLW &quot;Yen Lo Wang&quot;', 30, 'BM', 2, 1, 8, NULL, 'Juggernaut', 3, 3, 0, 3, 0, 0, 0, 0, 0, 0, 4, 4, 0, 'AC2/2/-,MEL,REAR1/1/-', 'images/mechs/Generic.png', 'images/DD_01.png', 1),
(476, '', 1, 150, 100, 'Atlas AS7-WGS (Samsonov)', 68, 'BM', 4, 1, 6, NULL, 'Juggernaut', 2, 4, 0, 4, 0, 2, 0, 0, 0, 0, 10, 8, 0, 'AC2/2/-', 'images/mechs/Generic.png', 'images/DD_01.png', 1),
(477, '', 1, 1520, 90, 'Highlander HGN-734', 52, 'BM', 4, 1, 6, 6, 'Juggernaut', 3, 4, 0, 4, 0, 1, 0, 0, 0, 2, 9, 5, 0, 'CASE,FLK1/1/-', 'images/mechs/Highlander.png', 'images/DD_01.png', 1),
(478, '', 1, 1520, 90, 'Highlander HGN-734', 52, 'BM', 4, 1, 6, 6, 'Juggernaut', 3, 4, 0, 4, 0, 1, 0, 0, 0, 2, 9, 5, 0, 'CASE,FLK1/1/-', 'images/mechs/Highlander.png', 'images/DD_01.png', 1),
(479, '', 1, 479, 65, 'Catapult CPLT-C1 (Jenny) &quot;Butterbee&quot;', 37, 'BM', 3, 1, 8, 8, 'Skirmisher', 3, 3, 0, 3, 0, 0, 0, 0, 0, 3, 5, 5, 0, 'SRM2/2', 'images/mechs/Generic.png', 'images/DD_01.png', 1),
(480, '', 1, 451, 55, 'Bushwacker BSW-X2', 47, 'BM', 2, 2, 10, NULL, 'Skirmisher', 2, 4, 0, 3, 0, 1, 0, 0, 0, 0, 5, 3, 0, 'AC1/1/-,CASE,IF1', 'images/mechs/Generic.png', 'images/DD_01.png', 1),
(481, '', 1, 38, 100, 'Annihilator ANH-1X', 78, 'BM', 4, 0, 4, NULL, 'Juggernaut', 1, 5, 0, 4, 0, 3, 0, 0, 0, 1, 10, 8, 0, 'CASE,FLK2/2/3', 'images/mechs/Annihilator.png', 'images/DD_01.png', 1),
(482, '', 1, 5864, 80, 'Victor VTR-9B (Shoji)', 57, 'BM', 4, 1, 8, 8, 'Skirmisher', 2, 3, 0, 4, 0, 1, 0, 0, 0, 2, 8, 6, 0, 'AC1/1/-', 'images/mechs/Generic.png', 'images/DD_01.png', 1),
(483, '', 1, 1416, 45, 'Hatchetman HCT-6M', 43, 'BM', 2, 1, 8, 8, 'Brawler', 2, 3, 0, 3, 0, 2, 0, 0, 0, 1, 5, 2, 0, 'ENE,MEL,PRB,RCN', 'images/mechs/Generic.png', 'images/DD_01.png', 1),
(484, '', 1, 2695, 60, 'Rifleman RFL-3C', 34, 'BM', 3, 1, 8, NULL, 'Brawler', 3, 3, 0, 3, 0, 0, 0, 0, 0, 0, 5, 5, 0, 'AC2/2/-', 'images/mechs/Rifleman.png', 'images/DD_01.png', 1),
(485, '', 2, 2888, 45, 'Shadow Cat B', 71, 'BM', 2, 3, 16, 12, 'Missile Boat', 2, 4, 0, 4, 0, 3, 0, 0, 0, 0, 4, 2, 0, 'CASE,ECM,IF2,OMNI,PRB,RCN,JMPW1', 'images/mechs/Shadow%20Cat.png', 'images/DD_01.png', 1),
(486, '', 2, 3342, 30, 'Uller (Kit Fox) C', 37, 'BM', 1, 2, 12, NULL, 'Striker', 2, 2, 0, 2, 0, 1, 0, 0, 0, 0, 3, 2, 0, 'AMS,CASE,ECM,OMNI,PRB,RCN,TAG', 'images/mechs/Kit%20Fox.png', 'images/DD_01.png', 1),
(487, '', 1, 7419, 60, 'Rifleman (Loren Jaffray)', 42, 'BM', 3, 2, 10, NULL, 'Sniper', 3, 3, 0, 3, 0, 2, 0, 0, 0, 0, 6, 3, 0, 'CASE,FLK1/1/1,Sniper,Tactical Genius', 'images/mechs/Rifleman.png', 'images/DD_01.png', 1),
(488, '', 1, 1669, 65, 'JagerMech JM6-H', 43, 'BM', 3, 1, 8, NULL, 'Brawler', 2, 3, 0, 3, 0, 0, 0, 0, 0, 0, 6, 5, 0, 'FLK0&#42;/0&#42;/0&#42;', 'images/mechs/Generic.png', 'images/DD_01.png', 1),
(489, '', 1, 5673, 45, 'Hellspawn HSN-10G', 43, 'BM', 2, 2, 12, 10, 'Missile Boat', 2, 3, 0, 3, 0, 2, 0, 0, 0, 1, 4, 2, 0, 'IF1', 'images/mechs/Hellspawn.png', 'images/DD_01.png', 1),
(490, '', 1, 4307, 45, 'Hellspawn HSN-7D', 43, 'BM', 2, 2, 12, 12, 'Missile Boat', 2, 3, 0, 3, 0, 2, 0, 0, 0, 1, 3, 2, 0, 'ECM,IF1,LRM1/1/1', 'images/mechs/Hellspawn.png', 'images/DD_01.png', 1),
(491, '', 1, 1269, 70, 'Grasshopper GHR-6K', 62, 'BM', 3, 1, 8, 8, 'Skirmisher', 2, 5, 0, 5, 0, 1, 0, 0, 0, 0, 7, 6, 0, 'C3S,CASE,MHQ1', 'images/mechs/Generic.png', 'images/DD_01.png', 1),
(492, '', 1, 2334, 75, 'Orion ON1-M', 50, 'BM', 3, 1, 8, NULL, 'Brawler', 2, 3, 0, 4, 0, 2, 0, 0, 0, 0, 7, 3, 0, 'CASE,FLK1/1/1,IF1,LRM1/1/1,SNARC', 'images/mechs/Generic.png', 'images/DD_01.png', 1),
(493, '', 2, 811, 100, 'Daishi (Dire Wolf) &quot;Widowmaker&quot;', 83, 'BM', 4, 1, 6, NULL, 'Juggernaut', 2, 7, 0, 7, 0, 6, 0, 0, 0, 3, 10, 5, 0, 'CASE,OMNI', 'images/mechs/Direwolf.png', 'images/DD_01.png', 1),
(494, '', 2, 1980, 75, 'Mad Cat (Timber Wolf) C', 70, 'BM', 3, 2, 10, NULL, 'Sniper', 2, 4, 0, 4, 0, 4, 0, 0, 0, 1, 8, 4, 0, 'AMS,CASE,IF1,LRM1/1/1,OMNI,OVL', 'images/mechs/Timberwolf.png', 'images/DD_01.png', 1),
(495, '', 1, 4392, 70, 'JagerMech JM7-G', 44, 'BM', 3, 1, 8, NULL, 'Sniper', 2, 3, 0, 3, 0, 2, 0, 0, 0, 0, 7, 3, 0, 'CASE,FLK0&#42;/0&#42;/0&#42;', 'images/mechs/Generic.png', 'images/DD_01.png', 1),
(496, '', 1, 3421, 45, 'Vindicator VND-1AA &quot;Avenging Angel&quot;', 28, 'BM', 2, 2, 10, 10, 'Skirmisher', 3, 2, 0, 2, 0, 2, 0, 0, 0, 0, 2, 4, 0, 'IF0&#42;', 'images/mechs/Vindicator.png', 'images/DD_01.png', 1),
(497, '', 1, 525, 50, 'Centurion CN9-YLW &quot;Yen Lo Wang&quot;', 35, 'BM', 2, 1, 8, NULL, 'Juggernaut', 2, 3, 0, 3, 0, 0, 0, 0, 0, 0, 4, 4, 0, 'AC2/2/-,MEL,REAR1/1/-', 'images/mechs/Generic.png', 'images/DD_01.png', 1),
(498, '', 1, 450, 55, 'Bushwacker BSW-X1', 47, 'BM', 2, 2, 10, NULL, 'Skirmisher', 2, 3, 0, 3, 0, 2, 0, 0, 0, 0, 5, 3, 0, 'AC1/1/-,CASE,IF1', 'images/mechs/Generic.png', 'images/DD_01.png', 1),
(499, '', 2, 1923, 65, 'Loki (Hellbringer) A', 58, 'BM', 3, 2, 10, NULL, 'Striker', 2, 4, 0, 4, 0, 3, 0, 0, 0, 1, 4, 4, 0, 'CASE,IF1,OMNI,PRB,RCN,SNARC', 'images/mechs/Hellbringer.png', 'images/DD_01.png', 1),
(500, '', 2, 961, 5, 'Elemental BA [MG]', 22, 'BA', 1, 1, 6, 6, 'Ambusher', 3, 2, 0, 1, 0, 0, 0, 0, 0, 0, 2, 2, 0, 'AM,CAR5,MEC', 'images/mechs/Elemental.png', 'images/DD_ELE_01.png', 1),
(501, '', 2, 5000, 100, 'Scylla (Standard)', 82, 'BM', 4, 1, 8, 8, 'Missile Boat', 1, 5, 0, 5, 0, 4, 0, 0, 0, 0, 10, 5, 0, 'CASE,FLK1/1/1,IF2,LRM2/2/2', 'images/mechs/Generic.png', 'images/DD_01.png', 1),
(502, '', 2, 2010, 80, 'Man O&apos; War (Gargoyle) Prime', 46, 'BM', 4, 2, 10, NULL, 'Skirmisher', 3, 3, 0, 3, 0, 1, 0, 0, 0, 0, 7, 4, 0, 'CASE,FLK0&#42;/1/1,OMNI,SRM2/2', 'images/mechs/Gargoyle.png', 'images/DD_01.png', 1),
(503, '', 2, 3432, 75, 'Viper (Black Python) (Standard)', 54, 'BM', 3, 2, 10, 10, 'Skirmisher', 3, 4, 0, 4, 0, 3, 0, 0, 0, 2, 7, 4, 0, 'CASE', 'images/mechs/Generic.png', 'images/DD_01.png', 1),
(504, '', 2, 739, 65, 'Crossbow Prime', 55, 'BM', 3, 2, 10, NULL, 'Missile Boat', 3, 4, 0, 4, 0, 4, 0, 0, 0, 0, 6, 5, 0, 'CASE,IF3,OMNI', 'images/mechs/Generic.png', 'images/DD_01.png', 1),
(505, '', 2, 1384, 30, 'Hankyu (Arctic Cheetah) Prime', 43, 'BM', 1, 3, 16, 12, 'Striker', 3, 3, 0, 2, 0, 1, 0, 0, 0, 0, 3, 2, 0, 'CASE,ECM,IF1,OMNI,PRB,RCN,TAG,JMPW1', 'images/mechs/Arctic%20Cheetah.png', 'images/DD_01.png', 1),
(506, '', 2, 1805, 100, 'Kodiak (Standard)', 64, 'BM', 4, 1, 8, NULL, 'Brawler', 3, 7, 0, 7, 0, 1, 0, 0, 0, 4, 9, 5, 0, 'CASE', 'images/mechs/Kodiak.png', 'images/DD_02.png', 1),
(507, '', 2, 1978, 75, 'Mad Cat (Timber Wolf) A', 83, 'BM', 3, 2, 10, NULL, 'Skirmisher', 2, 7, 0, 7, 0, 3, 0, 0, 0, 1, 8, 4, 0, 'CASE,OMNI', 'images/mechs/Timberwolf.png', 'images/DD_02.png', 1),
(508, '', 2, 3174, 70, 'Thor (Summoner) A', 36, 'BM', 3, 2, 10, 10, 'Sniper', 5, 3, 0, 4, 0, 3, 0, 0, 0, 0, 6, 4, 0, 'CASE,OMNI', 'images/mechs/Summoner.png', 'images/DD_02.png', 1),
(509, '', 2, 1929, 65, 'Loki (Hellbringer) Prime', 44, 'BM', 3, 2, 10, NULL, 'Striker', 4, 4, 0, 4, 0, 2, 0, 0, 0, 3, 4, 4, 0, 'AMS,CASE,ECM,OMNI,OVL,PRB,RCN', 'images/mechs/Hellbringer.png', 'images/DD_01.png', 1),
(510, '', 2, 3473, 60, 'Vulture (Mad Dog) Prime', 38, 'BM', 3, 2, 10, NULL, 'Missile Boat', 5, 4, 0, 4, 0, 4, 0, 0, 0, 2, 5, 3, 0, 'CASE,IF2,LRM1/1/2,OMNI', 'images/mechs/Maddog.png', 'images/DD_01.png', 1),
(511, '', 2, 1976, 75, 'Mad Cat (Timber Wolf) (Bounty Hunter)', 53, 'BM', 3, 2, 10, NULL, 'Brawler', 5, 6, 0, 6, 0, 3, 0, 0, 0, 0, 8, 4, 0, 'ECM,ENE,LTAG,OMNI,PRB,RCN', 'images/mechs/Timberwolf.png', 'images/DD_01.png', 1),
(512, '', 2, 2713, 65, 'Rifleman IIC 4', 63, 'BM', 3, 1, 6, 6, 'Sniper', 2, 7, 0, 5, 0, 4, 0, 0, 0, 0, 7, 5, 0, 'CASE', 'images/mechs/Rifleman.png', 'images/DD_01.png', 1),
(513, '', 2, 335, 50, 'Black Hawk (Nova) A', 42, 'BM', 2, 2, 10, 10, 'Sniper', 3, 3, 0, 3, 0, 3, 0, 0, 0, 1, 5, 3, 0, 'AMS,CASE,OMNI', 'images/mechs/Nova.png', 'images/DD_01.png', 1),
(514, '', 2, 335, 50, 'Black Hawk (Nova) A', 31, 'BM', 2, 2, 10, 10, 'Sniper', 5, 3, 0, 3, 0, 3, 0, 0, 0, 1, 5, 3, 0, 'AMS,CASE,OMNI', 'images/mechs/Nova.png', 'images/DD_01.png', 1),
(515, '', 2, 2750, 55, 'Ryoken (Stormcrow) B', 47, 'BM', 2, 2, 12, NULL, 'Striker', 3, 4, 0, 4, 0, 0, 0, 0, 0, 3, 6, 3, 0, 'CASE,OMNI', 'images/mechs/Stormcrow.png', 'images/DD_01.png', 1),
(516, '', 2, 2751, 55, 'Ryoken (Stormcrow) C', 35, 'BM', 2, 2, 12, NULL, 'Striker', 5, 4, 0, 4, 0, 2, 0, 0, 0, 0, 6, 3, 0, 'CASE,FLK1/1/1,OMNI', 'images/mechs/Stormcrow.png', 'images/DD_01.png', 1),
(517, '', 2, 7403, 75, 'Orion IIC (Burton)', 49, 'BM', 3, 1, 8, 8, 'Sniper', 4, 5, 0, 4, 0, 4, 0, 0, 0, 2, 8, 4, 0, 'AMS,LPRB,RCN,FLK1/1/1,OVL,IF0&#42;,CASE', 'images/mechs/Generic.png', 'images/DD_01.png', 1),
(518, '', 2, 1204, 95, 'Gladiator (Executioner) B', 49, 'BM', 4, 2, 10, 8, 'Skirmisher', 5, 5, 0, 5, 0, 2, 0, 0, 0, 0, 9, 5, 0, 'AMS,CASE,OMNI,JMPW1', 'images/mechs/Executioner.png', 'images/DD_01.png', 1),
(519, '', 2, 1525, 90, 'Highlander IIC 2', 68, 'BM', 4, 1, 6, 6, 'Juggernaut', 3, 7, 0, 6, 0, 3, 0, 0, 0, 4, 9, 7, 0, 'CASE,ECM', 'images/mechs/Highlander.png', 'images/DD_01.png', 1),
(520, '', 2, 3500, 80, 'Warhammer IIC (Standard)', 60, 'BM', 4, 1, 8, NULL, 'Brawler', 3, 6, 0, 6, 0, 3, 0, 0, 0, 2, 8, 6, 0, 'CASE', 'images/mechs/Warhammer%20IIC.png', 'images/DD_01.png', 1),
(521, '', 2, 5862, 65, 'Cauldron-Born (Ebon Jaguar) (Samantha)', 43, 'BM', 3, 2, 10, NULL, 'Skirmisher', 4, 4, 0, 4, 0, 3, 0, 0, 0, 2, 6, 4, 0, 'CASE,IF1,OMNI', 'images/mechs/Ebon%20Jaguar.png', 'images/DD_01.png', 1),
(522, '', 2, 6833, 100, 'Daishi (Dire Wolf) E', 91, 'BM', 4, 1, 6, NULL, 'Juggernaut', 2, 9, 0, 9, 0, 3, 0, 0, 0, 0, 10, 5, 0, 'CASEII,ECM,FLK1/1/1,LPRB,OMNI,RCN,WAT', 'images/mechs/Direwolf.png', 'images/DD_01.png', 1),
(523, '100', 2, 2008, 80, 'Man O&apos; War (Gargoyle) H', 60, 'BM', 4, 2, 10, NULL, 'Skirmisher', 3, 5, 0, 5, 0, 3, 0, 0, 0, 1, 7, 4, 0, 'CASE,IF1,OMNI', 'images/mechs/Gargoyle.png', 'images/DD_01.png', 1),
(524, '', 2, 3340, 30, 'Uller (Kit Fox) A', 31, 'BM', 1, 2, 12, NULL, 'Sniper', 3, 3, 0, 3, 0, 2, 0, 0, 0, 0, 3, 2, 0, 'CASE,OMNI', 'images/mechs/Kit%20Fox.png', 'images/DD_01.png', 1),
(525, '', 1, 6683, 100, 'Malice MAL-XT', 52, 'BM', 4, 1, 8, NULL, 'Juggernaut', 3, 3, 0, 4, 0, 2, 0, 0, 0, 0, 10, 4, 0, 'FLK1/1/1', 'images/mechs/Generic.png', 'images/DD_01.png', 1),
(526, '', 1, 1298, 55, 'Griffin GRF-1S', 37, 'BM', 2, 2, 10, 10, 'Skirmisher', 3, 2, 0, 2, 0, 0, 0, 0, 0, 1, 5, 5, 0, 'IF0&#42;', 'images/mechs/Griffin.png', 'images/DD_01.png', 1),
(527, '', 1, 3573, 55, 'Wolverine WVR-6R', 36, 'BM', 2, 2, 10, 10, 'Skirmisher', 3, 2, 0, 2, 0, 1, 0, 0, 0, 0, 5, 5, 0, '-', 'images/mechs/Generic.gif', 'images/DD_01.png', 1),
(528, 'M2.01', 2, 1985, 75, 'Mad Cat (Timber Wolf) Prime', 76, 'BM', 3, 2, 10, NULL, 'Brawler', 2, 5, 0, 5, 0, 4, 0, 0, 0, 1, 8, 4, 0, 'CASE,IF2,LRM1/1/2,OMNI', 'images/mechs/Timberwolf.png', 'images/DD_01.png', 1),
(529, '', 2, 2002, 80, 'Man O&apos; War (Gargoyle) A', 65, 'BM', 4, 2, 10, NULL, 'Skirmisher', 2, 4, 0, 4, 0, 3, 0, 0, 0, 3, 7, 4, 0, 'ENE,OMNI,OVL', 'images/mechs/Gargoyle.png', 'images/DD_02.png', 1),
(530, '', 2, 2094, 85, 'Masakari (Warhawk) D', 64, 'BM', 4, 1, 8, NULL, 'Sniper', 3, 7, 0, 6, 0, 5, 0, 0, 0, 0, 9, 5, 0, 'CASE,OMNI', 'images/mechs/Warhawk.png', 'images/DD_03.png', 1),
(531, '', 2, 3504, 80, 'Warhammer IIC 5', 65, 'BM', 4, 1, 8, NULL, 'Brawler', 2, 6, 0, 6, 0, 3, 0, 0, 0, 1, 7, 6, 0, 'CASE,FLK2/2/2', 'images/mechs/Warhammer%20IIC.png', 'images/DD_01.png', 1),
(532, '', 2, 1780, 90, 'Kingfisher B', 69, 'BM', 4, 1, 8, NULL, 'Brawler', 2, 5, 0, 5, 0, 1, 0, 0, 0, 2, 9, 7, 0, 'AMS,CASE,OMNI', 'images/mechs/Generic.png', 'images/DD_04.png', 1),
(533, '', 2, 1204, 95, 'Gladiator (Executioner) B', 76, 'BM', 4, 2, 10, 8, 'Skirmisher', 2, 5, 0, 5, 0, 2, 0, 0, 0, 0, 9, 5, 0, 'AMS,CASE,OMNI,JMPW1', 'images/mechs/Executioner.png', 'images/DD_01.png', 1),
(534, '', 2, 1211, 95, 'Gladiator (Executioner) Prime', 61, 'BM', 4, 2, 10, 8, 'Sniper', 3, 4, 0, 4, 0, 4, 0, 0, 0, 0, 9, 5, 0, 'CASE,OMNI,JMPW1', 'images/mechs/Executioner.png', 'images/DD_01.png', 1),
(535, '', 2, 1976, 75, 'Mad Cat (Timber Wolf) (Bounty Hunter)', 83, 'BM', 3, 2, 10, NULL, 'Brawler', 2, 6, 0, 6, 0, 3, 0, 0, 0, 0, 8, 4, 0, 'ECM,ENE,LTAG,OMNI,PRB,RCN', 'images/mechs/Timberwolf.png', 'images/DD_04.png', 1),
(536, '', 2, 6859, 80, 'Warhammer IIC 10', 70, 'BM', 4, 1, 8, NULL, 'Sniper', 2, 6, 0, 6, 0, 4, 0, 0, 0, 1, 8, 6, 0, 'CASE,SRM1/1', 'images/mechs/Warhammer%20IIC.png', 'images/DD_04.png', 1);

-- --------------------------------------------------------

--
-- Tabellenstruktur für Tabelle `asc_mechstatus`
--

CREATE TABLE `asc_mechstatus` (
  `mechstatusid` int(11) NOT NULL,
  `mechid` int(11) DEFAULT NULL,
  `heat` int(11) DEFAULT NULL,
  `armor` int(11) DEFAULT NULL,
  `structure` int(11) DEFAULT NULL,
  `crit_engine` int(11) DEFAULT NULL,
  `crit_fc` int(11) DEFAULT NULL,
  `crit_mp` int(11) DEFAULT NULL,
  `crit_weapons` int(11) DEFAULT NULL,
  `usedoverheat` int(11) NOT NULL DEFAULT '0',
  `currenttmm` int(11) DEFAULT NULL
) ENGINE=InnoDB DEFAULT CHARSET=utf8;

--
-- Daten für Tabelle `asc_mechstatus`
--

INSERT INTO `asc_mechstatus` (`mechstatusid`, `mechid`, `heat`, `armor`, `structure`, `crit_engine`, `crit_fc`, `crit_mp`, `crit_weapons`, `usedoverheat`, `currenttmm`) VALUES
(196, 196, 0, 0, 0, 0, 0, 0, 0, 0, NULL),
(197, 197, 0, 0, 0, 0, 0, 0, 0, 0, NULL),
(198, 198, 0, 0, 0, 0, 0, 0, 0, 0, NULL),
(199, 199, 2, 5, 0, 0, 0, 0, 0, 0, NULL),
(200, 200, 0, 0, 0, 0, 0, 0, 0, 0, NULL),
(201, 201, 0, 0, 0, 0, 0, 0, 0, 0, NULL),
(202, 202, 0, 0, 0, 0, 0, 0, 0, 0, NULL),
(203, 203, 0, 0, 0, 0, 0, 0, 0, 0, NULL),
(204, 204, 0, 0, 0, 0, 0, 0, 0, 0, NULL),
(205, 205, 0, 0, 0, 0, 0, 0, 0, 0, NULL),
(206, 206, 0, 0, 0, 0, 0, 0, 0, 0, NULL),
(207, 207, 0, 0, 0, 0, 0, 0, 0, 0, NULL),
(208, 208, 0, 0, 0, 0, 0, 0, 0, 0, NULL),
(209, 209, 0, 0, 0, 0, 0, 0, 0, 0, NULL),
(210, 210, 0, 0, 0, 0, 0, 0, 0, 0, NULL),
(211, 211, 0, 10, 2, 0, 0, 1, 0, 0, NULL),
(212, 212, 0, 0, 0, 0, 0, 0, 0, 0, NULL),
(213, 213, 0, 0, 0, 0, 0, 0, 0, 0, NULL),
(214, 214, 0, 0, 0, 0, 0, 0, 0, 0, NULL),
(215, 215, 0, 0, 0, 0, 0, 0, 0, 0, NULL),
(216, 216, 0, 0, 0, 0, 0, 0, 0, 0, NULL),
(217, 217, 0, 0, 0, 0, 0, 0, 0, 0, NULL),
(218, 218, 0, 5, 0, 0, 0, 0, 0, 0, NULL),
(219, 219, 0, 3, 0, 0, 0, 0, 0, 0, NULL),
(220, 220, 0, 0, 0, 0, 0, 0, 0, 0, NULL),
(222, 222, 0, 0, 0, 0, 0, 0, 0, 0, NULL),
(223, 223, 0, 0, 0, 0, 0, 0, 0, 0, NULL),
(224, 224, 0, 0, 0, 0, 0, 0, 0, 0, NULL),
(226, 226, 0, 0, 0, 0, 0, 0, 0, 0, NULL),
(227, 227, 0, 0, 0, 0, 0, 0, 0, 0, NULL),
(228, 228, 0, 0, 0, 0, 0, 0, 0, 0, NULL),
(229, 229, 0, 0, 0, 0, 0, 0, 0, 0, NULL),
(230, 230, 0, 0, 0, 0, 0, 0, 0, 0, NULL),
(231, 231, 0, 0, 0, 0, 0, 0, 0, 0, NULL),
(232, 232, 0, 0, 0, 0, 0, 0, 0, 0, NULL),
(233, 233, 0, 7, 1, 0, 0, 0, 0, 0, NULL),
(234, 234, 0, 0, 0, 0, 0, 0, 0, 0, NULL),
(235, 235, 0, 0, 0, 0, 0, 0, 0, 0, NULL),
(236, 236, 0, 0, 0, 0, 0, 0, 0, 0, NULL),
(237, 237, 0, 0, 0, 0, 0, 0, 1, 0, NULL),
(238, 238, 0, 0, 0, 0, 0, 0, 0, 0, NULL),
(239, 239, 0, 0, 0, 0, 0, 0, 0, 0, NULL),
(240, 240, 0, 0, 0, 0, 0, 0, 0, 0, NULL),
(241, 241, 0, 0, 0, 0, 0, 0, 0, 0, NULL),
(242, 242, 0, 0, 0, 0, 0, 0, 0, 0, NULL),
(243, 243, 0, 0, 0, 0, 0, 0, 0, 0, NULL),
(244, 244, 0, 0, 0, 0, 0, 0, 0, 0, NULL),
(245, 245, 0, 2, 0, 0, 0, 0, 0, 0, NULL),
(246, 246, 0, 0, 0, 0, 0, 0, 0, 0, NULL),
(248, 248, 0, 0, 0, 0, 0, 0, 0, 0, NULL),
(249, 249, 0, 0, 0, 0, 0, 0, 0, 0, NULL),
(250, 250, 0, 0, 0, 0, 0, 0, 0, 0, NULL),
(251, 251, 0, 0, 0, 0, 0, 0, 0, 0, NULL),
(257, 257, 0, 0, 0, 0, 0, 0, 0, 0, NULL),
(258, 258, 0, 0, 0, 0, 0, 0, 0, 0, NULL),
(259, 259, 0, 0, 0, 0, 0, 0, 0, 0, NULL),
(260, 260, 0, 0, 0, 0, 0, 0, 0, 0, NULL),
(261, 261, 0, 0, 0, 0, 0, 0, 0, 0, NULL),
(262, 262, 0, 8, 0, 0, 0, 0, 0, 0, NULL),
(263, 263, 0, 0, 0, 0, 0, 0, 0, 0, NULL),
(264, 264, 0, 0, 0, 0, 0, 0, 0, 0, NULL),
(265, 265, 0, 0, 0, 0, 0, 0, 0, 0, NULL),
(266, 266, 0, 0, 0, 0, 0, 0, 0, 0, NULL),
(267, 267, 0, 0, 0, 0, 0, 0, 0, 0, NULL),
(268, 268, 0, 0, 0, 0, 0, 0, 0, 0, NULL),
(269, 269, 0, 0, 0, 0, 0, 0, 0, 0, NULL),
(270, 270, 0, 0, 0, 0, 0, 0, 0, 0, NULL),
(272, 272, 0, 0, 0, 0, 0, 0, 0, 0, NULL),
(273, 273, 0, 0, 0, 0, 0, 0, 0, 0, NULL),
(274, 274, 0, 0, 0, 0, 0, 0, 0, 0, NULL),
(275, 275, 0, 0, 0, 0, 0, 0, 0, 0, NULL),
(276, 276, 0, 0, 0, 0, 0, 0, 0, 0, NULL),
(277, 277, 0, 0, 0, 0, 0, 0, 0, 0, NULL),
(278, 278, 0, 0, 0, 0, 0, 0, 0, 0, NULL),
(279, 279, 0, 0, 0, 0, 0, 0, 0, 0, NULL),
(280, 280, 0, 0, 0, 0, 0, 0, 0, 0, NULL),
(281, 281, 0, 0, 0, 0, 0, 0, 0, 0, NULL),
(282, 282, 0, 0, 0, 0, 0, 0, 0, 0, NULL),
(283, 283, 0, 0, 0, 0, 0, 0, 0, 0, NULL),
(284, 284, 4, 4, 1, 1, 0, 0, 0, 0, NULL),
(285, 285, 0, 0, 0, 0, 0, 0, 0, 0, NULL),
(286, 286, 0, 0, 0, 0, 0, 0, 0, 0, NULL),
(287, 287, 0, 0, 0, 0, 0, 0, 0, 0, NULL),
(288, 288, 0, 0, 0, 0, 0, 0, 0, 0, NULL),
(289, 289, 0, 0, 0, 0, 0, 0, 0, 0, NULL),
(290, 290, 0, 0, 0, 0, 0, 0, 0, 0, NULL),
(291, 291, 0, 0, 0, 0, 0, 0, 0, 0, NULL),
(292, 292, 0, 0, 0, 0, 0, 0, 0, 0, NULL),
(294, 294, 0, 0, 0, 0, 0, 0, 0, 0, NULL),
(295, 295, 0, 0, 0, 0, 0, 0, 0, 0, NULL),
(296, 296, 0, 0, 0, 0, 0, 0, 0, 0, NULL),
(297, 297, 0, 0, 0, 0, 0, 0, 0, 0, NULL),
(299, 299, 0, 0, 0, 0, 0, 0, 0, 0, NULL),
(300, 300, 0, 0, 0, 0, 0, 0, 0, 0, NULL),
(301, 301, 0, 0, 0, 0, 0, 0, 0, 0, NULL),
(308, 308, 0, 0, 0, 0, 0, 0, 0, 0, NULL),
(309, 309, 0, 0, 0, 0, 0, 0, 0, 0, NULL),
(310, 310, 0, 0, 0, 0, 0, 0, 0, 0, NULL),
(311, 311, 0, 0, 0, 0, 0, 0, 0, 0, NULL),
(313, 313, 0, 0, 0, 0, 0, 0, 0, 0, NULL),
(314, 314, 0, 0, 0, 0, 0, 0, 0, 0, NULL),
(315, 315, 0, 0, 0, 0, 0, 0, 0, 0, NULL),
(316, 316, 0, 0, 0, 0, 0, 0, 0, 0, NULL),
(317, 317, 0, 0, 0, 0, 0, 0, 0, 0, NULL),
(318, 318, 0, 0, 0, 0, 0, 0, 0, 0, NULL),
(319, 319, 0, 0, 0, 0, 1, 0, 0, 0, NULL),
(320, 320, 0, 0, 0, 0, 0, 0, 0, 0, NULL),
(321, 321, 0, 0, 0, 0, 0, 0, 0, 0, NULL),
(322, 322, 0, 0, 0, 0, 1, 0, 0, 0, NULL),
(323, 323, 0, 0, 0, 0, 0, 0, 0, 0, NULL),
(324, 324, 0, 0, 0, 0, 0, 0, 0, 0, NULL),
(325, 325, 0, 0, 0, 0, 1, 0, 0, 0, NULL),
(327, 327, 2, 0, 0, 0, 0, 0, 0, 0, NULL),
(328, 328, 0, 0, 0, 0, 0, 0, 0, 0, NULL),
(329, 329, 0, 0, 0, 0, 0, 0, 0, 0, NULL),
(330, 330, 0, 0, 0, 0, 0, 0, 0, 0, NULL),
(331, 331, 0, 0, 0, 0, 0, 0, 0, 0, NULL),
(332, 332, 0, 0, 0, 0, 0, 0, 0, 0, NULL),
(333, 333, 0, 0, 0, 0, 0, 0, 0, 0, NULL),
(334, 334, 0, 9, 2, 0, 1, 0, 0, 0, NULL),
(335, 335, 0, 0, 0, 0, 0, 0, 0, 0, NULL),
(337, 337, 0, 0, 0, 0, 0, 0, 0, 0, NULL),
(338, 338, 0, 0, 0, 0, 0, 0, 0, 0, NULL),
(339, 339, 0, 0, 0, 0, 0, 0, 0, 0, NULL),
(340, 340, 0, 0, 0, 0, 0, 0, 0, 0, NULL),
(341, 341, 0, 0, 0, 0, 0, 0, 0, 0, NULL),
(342, 342, 0, 0, 0, 0, 0, 0, 0, 0, NULL),
(343, 343, 2, 3, 2, 0, 0, 0, 0, 0, NULL),
(344, 344, 0, 0, 0, 0, 0, 0, 0, 0, NULL),
(345, 345, 0, 0, 0, 0, 0, 0, 0, 0, NULL),
(346, 346, 0, 0, 0, 0, 0, 0, 0, 0, NULL),
(347, 347, 0, 0, 0, 0, 0, 0, 0, 0, NULL),
(349, 349, 0, 0, 0, 0, 0, 0, 0, 0, NULL),
(350, 350, 0, 0, 0, 0, 0, 0, 0, 0, NULL),
(351, 351, 0, 5, 0, 0, 0, 0, 0, 0, NULL),
(352, 352, 0, 2, 0, 0, 0, 0, 0, 0, NULL),
(353, 353, 0, 0, 0, 0, 0, 0, 0, 0, NULL),
(354, 354, 0, 0, 0, 0, 0, 0, 0, 0, NULL),
(355, 355, 0, 0, 0, 0, 0, 0, 0, 0, NULL),
(356, 356, 0, 0, 0, 0, 0, 0, 0, 0, NULL),
(357, 357, 0, 0, 0, 0, 0, 0, 0, 0, NULL),
(358, 358, 0, 0, 0, 0, 0, 0, 0, 0, NULL),
(359, 359, 0, 0, 0, 0, 0, 0, 0, 0, NULL),
(360, 360, 0, 0, 0, 0, 0, 0, 0, 0, NULL),
(361, 361, 0, 0, 0, 0, 0, 0, 0, 0, NULL),
(362, 362, 0, 0, 0, 0, 0, 0, 0, 0, NULL),
(363, 363, 0, 0, 0, 0, 0, 0, 0, 0, NULL),
(364, 364, 0, 0, 0, 0, 0, 0, 0, 0, NULL),
(365, 365, 0, 0, 0, 0, 0, 0, 0, 0, NULL),
(366, 366, 0, 0, 0, 0, 0, 0, 0, 0, NULL),
(367, 367, 0, 0, 0, 0, 0, 0, 0, 0, NULL),
(368, 368, 0, 0, 0, 0, 0, 0, 0, 0, NULL),
(369, 369, 0, 0, 0, 0, 0, 0, 0, 0, NULL),
(370, 370, 0, 0, 0, 0, 0, 0, 0, 0, NULL),
(371, 371, 0, 0, 0, 0, 0, 0, 0, 0, NULL),
(372, 372, 0, 0, 0, 0, 0, 0, 0, 0, NULL),
(373, 373, 0, 0, 0, 0, 0, 0, 0, 0, NULL),
(374, 374, 0, 0, 0, 0, 0, 0, 0, 0, NULL),
(375, 375, 0, 8, 4, 0, 0, 0, 0, 0, NULL),
(376, 376, 0, 0, 0, 0, 0, 0, 0, 0, NULL),
(377, 377, 0, 0, 0, 0, 0, 0, 0, 0, NULL),
(378, 378, 0, 0, 0, 0, 0, 0, 0, 0, NULL),
(379, 379, 0, 0, 0, 0, 0, 0, 0, 0, NULL),
(380, 380, 0, 0, 0, 0, 0, 0, 0, 0, NULL),
(381, 381, 0, 0, 0, 0, 0, 0, 0, 0, NULL),
(382, 382, 0, 0, 0, 0, 0, 0, 0, 0, NULL),
(383, 383, 0, 0, 0, 0, 0, 0, 0, 0, NULL),
(384, 384, 0, 0, 0, 0, 0, 0, 0, 0, NULL),
(385, 385, 0, 0, 0, 0, 0, 0, 0, 0, NULL),
(386, 386, 0, 0, 0, 0, 0, 0, 0, 0, NULL),
(387, 387, 0, 0, 0, 0, 0, 0, 0, 0, NULL),
(388, 388, 0, 0, 0, 0, 0, 0, 0, 0, NULL),
(389, 389, 0, 0, 0, 0, 0, 0, 0, 0, NULL),
(390, 390, 0, 0, 0, 0, 0, 0, 0, 0, NULL),
(391, 391, 0, 0, 0, 0, 0, 0, 0, 0, NULL),
(392, 392, 0, 0, 0, 0, 0, 0, 0, 0, NULL),
(393, 393, 0, 0, 0, 0, 0, 0, 0, 0, NULL),
(394, 394, 0, 0, 0, 0, 0, 0, 0, 0, NULL),
(395, 395, 0, 0, 0, 0, 0, 0, 0, 0, NULL),
(396, 396, 0, 0, 0, 0, 0, 0, 0, 0, NULL),
(397, 397, 0, 0, 0, 0, 0, 0, 0, 0, NULL),
(398, 398, 0, 0, 0, 0, 0, 0, 0, 0, NULL),
(399, 399, 0, 0, 0, 0, 0, 0, 0, 0, NULL),
(400, 400, 0, 0, 0, 0, 0, 0, 0, 0, NULL),
(401, 401, 0, 0, 0, 0, 0, 0, 0, 0, NULL),
(402, 402, 0, 0, 0, 0, 0, 0, 0, 0, NULL),
(403, 403, 0, 0, 0, 0, 0, 0, 0, 0, NULL),
(404, 404, 0, 0, 0, 0, 0, 0, 0, 0, NULL),
(405, 405, 0, 0, 0, 0, 0, 0, 0, 0, NULL),
(406, 406, 0, 0, 0, 0, 0, 0, 0, 0, NULL),
(407, 407, 0, 0, 0, 0, 0, 0, 0, 0, NULL),
(408, 408, 0, 0, 0, 0, 0, 0, 0, 0, NULL),
(409, 409, 0, 0, 0, 0, 0, 0, 0, 0, NULL),
(410, 410, 0, 0, 0, 0, 0, 0, 0, 0, NULL),
(411, 411, 0, 0, 0, 0, 0, 0, 0, 0, NULL),
(412, 412, 0, 0, 0, 0, 0, 0, 0, 0, NULL),
(413, 413, 0, 0, 0, 0, 0, 0, 0, 0, NULL),
(414, 414, 0, 0, 0, 0, 0, 0, 0, 0, NULL),
(415, 415, 0, 0, 0, 0, 0, 0, 0, 0, NULL),
(416, 416, 0, 0, 0, 0, 0, 0, 0, 0, NULL),
(417, 417, 0, 0, 0, 0, 0, 0, 0, 0, NULL),
(418, 418, 0, 0, 0, 0, 0, 0, 0, 0, NULL),
(419, 419, 0, 0, 0, 0, 0, 0, 0, 0, NULL),
(420, 420, 0, 0, 0, 0, 0, 0, 0, 0, NULL),
(421, 421, 0, 0, 0, 0, 0, 0, 0, 0, NULL),
(422, 422, 0, 0, 0, 0, 0, 0, 0, 0, NULL),
(423, 423, 0, 0, 0, 0, 0, 0, 0, 0, NULL),
(424, 424, 0, 0, 0, 0, 0, 0, 0, 0, NULL),
(425, 425, 0, 0, 0, 0, 0, 0, 0, 0, NULL),
(426, 426, 0, 0, 0, 0, 0, 0, 0, 0, NULL),
(427, 427, 0, 0, 0, 0, 0, 0, 0, 0, NULL),
(428, 428, 0, 0, 0, 0, 0, 0, 0, 0, NULL),
(429, 429, 0, 0, 0, 0, 0, 0, 0, 0, NULL),
(430, 430, 0, 0, 0, 0, 0, 0, 0, 0, NULL),
(431, 431, 0, 0, 0, 0, 0, 0, 0, 0, NULL),
(432, 432, 0, 0, 0, 0, 0, 0, 0, 0, NULL),
(433, 433, 0, 0, 0, 0, 0, 0, 0, 0, NULL),
(434, 434, 0, 0, 0, 0, 0, 0, 0, 0, NULL),
(435, 435, 0, 0, 0, 0, 0, 0, 0, 0, NULL),
(436, 436, 0, 0, 0, 0, 0, 0, 0, 0, NULL),
(437, 437, 0, 0, 0, 0, 0, 0, 0, 0, NULL),
(438, 438, 0, 0, 0, 0, 0, 0, 0, 0, NULL),
(439, 439, 0, 0, 0, 0, 0, 0, 0, 0, NULL),
(440, 440, 0, 0, 0, 0, 0, 0, 0, 0, NULL),
(441, 441, 0, 0, 0, 0, 0, 0, 0, 0, NULL),
(442, 442, 0, 0, 0, 0, 0, 0, 0, 0, NULL),
(443, 443, 0, 0, 0, 0, 0, 0, 0, 0, NULL),
(444, 444, 0, 0, 0, 0, 0, 0, 0, 0, NULL),
(445, 445, 0, 0, 0, 0, 0, 0, 0, 0, NULL),
(446, 446, 0, 0, 0, 0, 0, 0, 0, 0, NULL),
(447, 447, 0, 7, 0, 0, 0, 0, 0, 0, NULL),
(448, 448, 0, 0, 0, 0, 0, 0, 0, 0, NULL),
(449, 449, 0, 0, 0, 0, 0, 0, 0, 0, NULL),
(450, 450, 0, 0, 0, 0, 0, 0, 0, 0, NULL),
(451, 451, 0, 0, 0, 0, 0, 0, 1, 0, NULL),
(452, 452, 0, 0, 0, 0, 0, 0, 0, 0, NULL),
(453, 453, 0, 0, 0, 0, 0, 0, 0, 0, NULL),
(454, 454, 0, 0, 0, 0, 0, 0, 0, 0, NULL),
(455, 455, 0, 0, 0, 0, 0, 0, 0, 0, NULL),
(456, 456, 0, 0, 0, 0, 0, 0, 0, 0, NULL),
(457, 457, 0, 0, 0, 0, 0, 0, 0, 0, NULL),
(458, 458, 0, 0, 0, 0, 0, 0, 0, 0, NULL),
(459, 459, 0, 0, 0, 0, 0, 0, 0, 0, NULL),
(460, 460, 0, 0, 0, 0, 0, 0, 0, 0, NULL),
(461, 461, 0, 0, 0, 0, 0, 0, 0, 0, NULL),
(462, 462, 0, 0, 0, 0, 0, 0, 0, 0, NULL),
(463, 463, 0, 0, 0, 0, 0, 0, 0, 0, NULL),
(464, 464, 0, 0, 0, 0, 0, 0, 0, 0, NULL),
(465, 465, 0, 0, 0, 0, 0, 0, 0, 0, NULL),
(466, 466, 0, 0, 0, 0, 0, 0, 0, 0, NULL),
(467, 467, 0, 0, 0, 0, 0, 0, 0, 0, NULL),
(468, 468, 0, 3, 3, 0, 0, 1, 0, 0, NULL),
(469, 469, 0, 6, 3, 0, 0, 0, 0, 0, NULL),
(470, 470, 0, 0, 0, 0, 0, 0, 0, 0, NULL),
(471, 471, 0, 0, 0, 0, 0, 0, 0, 0, NULL),
(472, 472, 0, 0, 0, 0, 0, 0, 0, 0, NULL),
(473, 473, 0, 0, 0, 0, 0, 0, 0, 0, NULL),
(474, 474, 0, 0, 0, 0, 0, 0, 0, 0, NULL),
(475, 475, 0, 0, 0, 0, 0, 0, 0, 0, NULL),
(476, 476, 0, 0, 0, 0, 0, 0, 0, 0, NULL),
(477, 477, 0, 0, 0, 0, 0, 0, 0, 0, NULL),
(478, 478, 0, 0, 0, 0, 0, 0, 0, 0, NULL),
(479, 479, 0, 0, 0, 0, 0, 0, 0, 0, NULL),
(480, 480, 0, 0, 0, 0, 0, 0, 0, 0, NULL),
(481, 481, 0, 0, 0, 0, 0, 0, 0, 0, NULL),
(482, 482, 0, 0, 0, 0, 0, 0, 0, 0, NULL),
(483, 483, 0, 0, 0, 0, 0, 0, 0, 0, NULL),
(484, 484, 0, 0, 0, 0, 0, 0, 0, 0, NULL),
(485, 485, 0, 0, 0, 0, 0, 0, 0, 0, NULL),
(486, 486, 0, 0, 0, 0, 0, 0, 0, 0, NULL),
(487, 487, 0, 0, 0, 0, 0, 0, 0, 0, NULL),
(488, 488, 0, 0, 0, 0, 0, 0, 0, 0, NULL),
(489, 489, 0, 0, 0, 0, 0, 0, 0, 0, NULL),
(490, 490, 0, 0, 0, 0, 0, 0, 0, 0, NULL),
(491, 491, 0, 0, 0, 0, 0, 0, 0, 0, NULL),
(492, 492, 0, 0, 0, 0, 0, 0, 0, 0, NULL),
(493, 493, 0, 0, 0, 0, 0, 0, 0, 0, NULL),
(494, 494, 0, 0, 0, 0, 0, 0, 0, 0, NULL),
(495, 495, 0, 0, 0, 0, 0, 0, 0, 0, NULL),
(496, 496, 0, 0, 0, 0, 0, 0, 0, 0, NULL),
(497, 497, 0, 0, 0, 0, 0, 0, 0, 0, NULL),
(498, 498, 0, 0, 0, 0, 0, 0, 0, 0, NULL),
(499, 499, 0, 0, 0, 0, 0, 0, 0, 0, NULL),
(500, 500, 0, 0, 0, 0, 0, 0, 0, 0, NULL),
(501, 501, 0, 0, 0, 0, 0, 0, 0, 0, NULL),
(502, 502, 0, 0, 0, 0, 0, 0, 0, 0, NULL),
(503, 503, 0, 0, 0, 0, 0, 0, 0, 0, NULL),
(504, 504, 0, 0, 0, 0, 0, 0, 0, 0, NULL),
(505, 505, 0, 0, 0, 0, 0, 0, 0, 0, NULL),
(506, 506, 0, 6, 0, 0, 1, 0, 0, 0, NULL),
(507, 507, 0, 6, 0, 0, 0, 0, 1, 0, NULL),
(508, 508, 0, 2, 0, 0, 0, 0, 0, 0, NULL),
(509, 509, 0, 0, 0, 0, 0, 0, 0, 0, NULL),
(510, 510, 0, 0, 0, 0, 0, 0, 0, 0, NULL),
(511, 511, 0, 0, 0, 0, 0, 0, 0, 0, NULL),
(512, 512, 0, 0, 0, 0, 0, 0, 0, 0, NULL),
(513, 513, 0, 0, 0, 0, 0, 0, 0, 0, NULL),
(514, 514, 0, 0, 0, 0, 0, 0, 0, 0, NULL),
(515, 515, 0, 0, 0, 0, 0, 0, 0, 0, NULL),
(516, 516, 0, 0, 0, 0, 0, 0, 0, 0, NULL),
(517, 517, 0, 0, 0, 0, 0, 0, 0, 0, NULL),
(518, 518, 0, 0, 0, 0, 0, 0, 0, 0, NULL),
(519, 519, 0, 0, 0, 0, 0, 0, 0, 0, NULL),
(520, 520, 0, 0, 0, 0, 0, 0, 0, 0, NULL),
(521, 521, 0, 0, 0, 0, 0, 0, 0, 0, NULL),
(522, 522, 0, 0, 0, 0, 0, 0, 0, 0, NULL),
(523, 523, 0, 0, 0, 0, 0, 0, 0, 0, NULL),
(524, 524, 0, 0, 0, 0, 0, 0, 0, 0, NULL),
(525, 525, 0, 0, 0, 0, 0, 0, 0, 0, NULL),
(526, 526, 0, 0, 0, 0, 0, 0, 0, 0, NULL),
(527, 527, 0, 0, 0, 0, 0, 0, 0, 0, NULL),
(528, 528, 0, 0, 0, 0, 0, 0, 0, 0, NULL),
(529, 529, 0, 5, 0, 0, 0, 0, 0, 0, NULL),
(530, 530, 0, 9, 3, 0, 0, 0, 1, 0, NULL),
(531, 531, 0, 0, 0, 0, 0, 0, 0, 0, NULL),
(532, 532, 0, 9, 7, 0, 0, 1, 0, 0, NULL),
(533, 533, 0, 0, 0, 0, 0, 0, 0, 0, NULL),
(534, 534, 0, 0, 0, 0, 0, 0, 0, 0, NULL),
(535, 535, 0, 8, 4, 0, 0, 0, 0, 0, NULL),
(536, 536, 0, 8, 6, 0, 0, 0, 0, 0, NULL);

-- --------------------------------------------------------

--
-- Tabellenstruktur für Tabelle `asc_options`
--

CREATE TABLE `asc_options` (
  `optionid` int(11) NOT NULL,
  `playerid` int(11) NOT NULL,
  `option1` tinyint(1) NOT NULL DEFAULT '1',
  `option2` tinyint(1) NOT NULL DEFAULT '0',
  `option3` tinyint(1) NOT NULL
) ENGINE=InnoDB DEFAULT CHARSET=utf8mb4 COLLATE=utf8mb4_unicode_ci;

--
-- Daten für Tabelle `asc_options`
--

INSERT INTO `asc_options` (`optionid`, `playerid`, `option1`, `option2`, `option3`) VALUES
(1, 1, 1, 0, 0),
(2, 2, 1, 0, 0),
(10, 66, 1, 0, 0),
(11, 67, 1, 1, 1),
(12, 68, 1, 0, 1),
(13, 69, 1, 0, 1),
(14, 70, 0, 0, 1),
(15, 71, 1, 0, 1),
(16, 72, 0, 0, 1),
(17, 73, 1, 0, 1),
(18, 74, 1, 0, 0),
(19, 75, 1, 0, 0),
(20, 76, 1, 0, 1),
(21, 77, 1, 0, 1),
(22, 78, 1, 0, 1),
(23, 79, 1, 0, 1),
(24, 80, 0, 0, 0),
(25, 81, 1, 0, 0),
(26, 82, 1, 0, 1),
(28, 84, 1, 0, 0),
(29, 85, 1, 0, 0);

-- --------------------------------------------------------

--
-- Tabellenstruktur für Tabelle `asc_pilot`
--

CREATE TABLE `asc_pilot` (
  `pilotid` int(11) NOT NULL,
  `name` varchar(50) DEFAULT NULL,
  `rank` varchar(20) NOT NULL DEFAULT 'MW',
  `pilot_imageurl` varchar(100) DEFAULT NULL
) ENGINE=InnoDB DEFAULT CHARSET=utf8;

--
-- Daten für Tabelle `asc_pilot`
--

INSERT INTO `asc_pilot` (`pilotid`, `name`, `rank`, `pilot_imageurl`) VALUES
(2, 'Arturo', 'MW', 'images/pilots/m_100.png'),
(11, 'Bruno', 'MW', 'images/pilots/m_092.png'),
(12, 'Billy', 'MW', 'images/pilots/m_033.png'),
(13, 'Abram', 'MW', 'images/pilots/m_059.png'),
(14, 'Sarahi', 'MW', 'images/pilots/f_028.png'),
(15, 'Cordelia', 'MW', 'images/pilots/f_041.png'),
(30, 'Angelo', 'MW', 'images/pilots/m_023.png'),
(31, 'Samara', 'MW', 'images/pilots/f_006.png'),
(159, 'Elliot', 'MW', 'images/pilots/m_038.png'),
(197, 'R. Kerensky', 'SCpt', 'images/pilots/m_005.png'),
(198, 'Logana', 'MW', 'images/pilots/f_059.png'),
(199, 'Seth', 'MW', 'images/pilots/m_079.png'),
(200, 'Gabrielle', 'MW', 'images/pilots/f_005.png'),
(201, 'Natascha', 'MW', 'images/pilots/f_036.png'),
(202, 'Reese', 'SCom', 'images/pilots/f_033.png'),
(203, 'Edison', 'MW', 'images/pilots/m_051.png'),
(204, 'Jayvion', 'MW', 'images/pilots/m_125.png'),
(205, 'Jayden', 'MW', 'images/pilots/m_045.png'),
(206, 'Zelda', 'MW', 'images/pilots/f_018.png'),
(207, 'H. Sradac', 'SCom', 'images/pilots/f_045.png'),
(208, 'Vertin', 'PCom', 'images/pilots/m_066.png'),
(209, 'Elliot', 'PCom', 'images/pilots/f_030.png'),
(210, 'Arthur', 'PCom', 'images/pilots/m_091.png'),
(211, 'Ira', 'PCom', 'images/pilots/f_056.png'),
(212, 'A. Carns', 'SCpt', 'images/pilots/m_078.png'),
(213, 'Korbin', 'MW', 'images/pilots/m_105.png'),
(214, 'Nolan', 'MW', 'images/pilots/m_086.png'),
(215, 'Brentley', 'MW', 'images/pilots/m_072.png'),
(216, 'Julius', 'MW', 'images/pilots/m_017.png'),
(217, 'B. Vickers', 'SCom', 'images/pilots/m_064.png'),
(218, 'Louie', 'MW', 'images/pilots/m_064.png'),
(219, 'Jake', 'MW', 'images/pilots/m_043.png'),
(220, 'Maria', 'MW', 'images/pilots/f_004.png'),
(221, 'Cassidy', 'MW', 'images/pilots/f_006.png'),
(223, 'Dana', 'SCom', 'images/pilots/f_008.png'),
(224, 'Ada', 'PCom', 'images/pilots/f_052.png'),
(225, 'Jaliyah', 'PCom', 'images/pilots/f_039.png'),
(227, 'Annalise', 'PCom', 'images/pilots/f_050.png'),
(228, 'Amara', 'PCom', 'images/pilots/f_017.png'),
(229, 'W. Radick', 'SCpt', 'images/pilots/m_055.png'),
(230, 'Arizona', 'MW', 'images/pilots/f_048.png'),
(231, 'Estera', 'MW', 'images/pilots/m_043.png'),
(232, 'Ortillus', 'MW', 'images/pilots/m_109.png'),
(233, 'Canniv', 'MW', 'images/pilots/f_005.png'),
(234, 'Frieda', 'SCom', 'images/pilots/f_037.png'),
(235, 'S. Waters', 'SCpt', 'images/pilots/f_025.png'),
(236, 'Itzel', 'MW', 'images/pilots/f_016.png'),
(237, 'Daphne', 'MW', 'images/pilots/m_044.png'),
(238, 'Thalia', 'MW', 'images/pilots/f_032.png'),
(239, 'Vixen', 'MW', 'images/pilots/m_041.png'),
(240, 'Nyla', 'MW', 'images/pilots/f_033.png'),
(241, 'Hevva', 'MW', 'images/pilots/f_038.png'),
(242, 'Coster', 'MW', 'images/pilots/f_037.png'),
(243, 'A. Ward', 'SCom', 'images/pilots/m_066.png'),
(244, 'Kadence', 'MW', 'images/pilots/f_023.png'),
(245, 'Princeton', 'MW', 'images/pilots/m_090.png'),
(246, 'M. Shaw', 'SCom', 'images/pilots/m_065.png'),
(247, 'Malcolm', 'MW', 'images/pilots/m_123.png'),
(249, 'Thalia', 'PCom', 'images/pilots/f_005.png'),
(250, 'Pharos', 'PCom', 'images/pilots/m_076.png'),
(251, 'Saskia', 'PCom', 'images/pilots/f_022.png'),
(252, 'N. Tutola', 'PCom', 'images/pilots/m_122.png'),
(258, 'Alisson', 'SCom', 'images/pilots/f_045.png'),
(259, 'Knox', 'PCom', 'images/pilots/m_012.png'),
(260, 'Mohammed', 'PCom', 'images/pilots/m_065.png'),
(261, 'Amiya', 'PCom', 'images/pilots/f_049.png'),
(262, 'Avah', 'PCom', 'images/pilots/f_020.png'),
(263, 'G. Ward', 'SCpt', 'images/pilots/f_055.png'),
(264, 'Jazlynn', 'MW', 'images/pilots/f_032.png'),
(265, 'Emmalyn', 'MW', 'images/pilots/f_035.png'),
(266, 'Sky', 'MW', 'images/pilots/f_004.png'),
(267, 'Zane', 'MW', 'images/pilots/m_098.png'),
(268, 'Amia', 'SCom', 'images/pilots/f_008.png'),
(269, 'Stanley', 'MW', 'images/pilots/m_010.png'),
(270, 'Nola', 'MW', 'images/pilots/f_023.png'),
(271, 'Gabriel', 'MW', 'images/pilots/m_121.png'),
(273, 'Aaron', 'SCom', 'images/pilots/m_018.png'),
(274, 'Ibrahim', 'PCom', 'images/pilots/m_014.png'),
(275, 'Keagan', 'PCom', 'images/pilots/m_049.png'),
(276, 'Aaron', 'PCom', 'images/pilots/m_066.png'),
(277, 'Callen', 'PCom', 'images/pilots/m_052.png'),
(278, 'Alison', 'MW', 'images/pilots/f_056.png'),
(279, 'K. Winson', 'SCpt', 'images/pilots/m_002.png'),
(280, 'Blair', 'MW', 'images/pilots/f_013.png'),
(281, 'Carter', 'MW', 'images/pilots/m_081.png'),
(282, 'Veronica', 'MW', 'images/pilots/f_030.png'),
(283, 'Zackary', 'MW', 'images/pilots/m_014.png'),
(284, 'Clare', 'SCom', 'images/pilots/f_001.png'),
(285, 'Zendayus', 'MW', 'images/pilots/f_010.png'),
(286, 'Marcel', 'MW', 'images/pilots/m_038.png'),
(287, 'Gabriella', 'MW', 'images/pilots/f_022.png'),
(288, 'Marie', 'MW', 'images/pilots/f_002.png'),
(289, 'O. Tutuola', 'SCom', 'images/pilots/f_037.png'),
(290, 'Adriel', 'PCom', 'images/pilots/m_089.png'),
(291, 'Knox', 'PCom', 'images/pilots/m_128.png'),
(292, 'Amalia', 'PCom', 'images/pilots/f_008.png'),
(293, 'Lilian', 'PCom', 'images/pilots/f_056.png'),
(295, 'Yadiel', 'MW', 'images/pilots/m_126.png'),
(296, 'Veda', 'MW', 'images/pilots/f_002.png'),
(297, 'Hassan', 'MW', 'images/pilots/m_037.png'),
(298, 'Fatima', 'MW', 'images/pilots/f_059.png'),
(300, 'Julieta', 'MW', 'images/pilots/f_028.png'),
(301, 'Dahlia', 'MW', 'images/pilots/f_055.png'),
(302, 'Rogelio', 'MW', 'images/pilots/m_098.png'),
(309, 'Cynthia', 'MW', 'images/pilots/f_047.png'),
(310, 'J. Roshak', 'SCpt', 'images/pilots/m_013.png'),
(311, 'Abel', 'SCom', 'images/pilots/m_007.png'),
(312, 'E. Mattlov', 'SCom', 'images/pilots/f_041.png'),
(314, 'Rayden', 'PCom', 'images/pilots/m_040.png'),
(315, 'Sawyer', 'PCom', 'images/pilots/m_043.png'),
(316, 'Leo', 'PCom', 'images/pilots/m_118.png'),
(317, 'Raelyn', 'PCom', 'images/pilots/f_050.png'),
(318, 'Ford', 'MW', 'images/pilots/m_053.png'),
(319, 'Cara', 'MW', 'images/pilots/f_050.png'),
(320, 'N. Ward', 'SCpt', 'images/pilots/m_090.png'),
(321, 'Camila', 'MW', 'images/pilots/f_046.png'),
(322, 'Ember', 'MW', 'images/pilots/f_032.png'),
(323, 'Alexandra', 'MW', 'images/pilots/f_028.png'),
(324, 'Cole', 'MW', 'images/pilots/m_023.png'),
(325, 'Griffin', 'SCom', 'images/pilots/m_011.png'),
(326, 'Trevor', 'MW', 'images/pilots/m_053.png'),
(328, 'Julien', 'MW', 'images/pilots/m_090.png'),
(329, 'Jazlyn', 'MW', 'images/pilots/f_048.png'),
(330, 'Kylen', 'SCom', 'images/pilots/m_060.png'),
(331, 'Malakai', 'MW', 'images/pilots/m_114.png'),
(332, 'Dylan', 'MW', 'images/pilots/f_025.png'),
(333, 'Haiden', 'PCom', 'images/pilots/m_087.png'),
(334, 'Colin', 'PCom', 'images/pilots/m_071.png'),
(335, 'S. Kabrinski', 'SCpt', 'images/pilots/m_099.png'),
(336, 'Kaliyah', 'MW', 'images/pilots/f_001.png'),
(338, 'Luciano', 'MW', 'images/pilots/m_072.png'),
(339, 'Teagan', 'MW', 'images/pilots/f_053.png'),
(340, 'Camren', 'MW', 'images/pilots/m_092.png'),
(341, 'E. Jorgensson', 'SCom', 'images/pilots/m_060.png'),
(342, 'Chandler', 'MW', 'images/pilots/m_025.png'),
(343, 'Milena', 'MW', 'images/pilots/f_003.png'),
(344, 'Dana', 'MW', 'images/pilots/f_007.png'),
(345, 'Tomas', 'MW', 'images/pilots/m_014.png'),
(346, 'Katelyn', 'SCom', 'images/pilots/f_043.png'),
(347, 'Lexi', 'MW', 'images/pilots/f_056.png'),
(348, 'Alayna', 'MW', 'images/pilots/f_030.png'),
(350, 'Erick', 'MW', 'images/pilots/m_008.png'),
(351, 'Rhys', 'MW', 'images/pilots/m_090.png'),
(352, 'R. Magnusson', 'SCpt', 'images/pilots/f_007.png'),
(353, 'Vance', 'MW', 'images/pilots/m_095.png'),
(354, 'Sidney', 'MW', 'images/pilots/f_002.png'),
(355, 'Camdyn', 'MW', 'images/pilots/m_036.png'),
(356, 'Emory', 'MW', 'images/pilots/m_015.png'),
(357, 'Ariadne', 'SCom', 'images/pilots/f_060.png'),
(358, 'Bonnie', 'MW', 'images/pilots/f_025.png'),
(359, 'Hayden', 'MW', 'images/pilots/f_024.png'),
(360, 'Marie', 'MW', 'images/pilots/f_043.png'),
(361, 'Hudson', 'MW', 'images/pilots/m_095.png'),
(362, 'Rocco', 'SCom', 'images/pilots/m_042.png'),
(363, 'Steven', 'MW', 'images/pilots/m_103.png'),
(364, 'Jalen', 'MW', 'images/pilots/m_123.png'),
(365, 'Lionel', 'MW', 'images/pilots/m_098.png'),
(366, 'Alanna', 'MW', 'images/pilots/f_029.png'),
(367, 'Lilianna', 'MW', 'images/pilots/f_016.png'),
(368, 'Scpt I. WARD', 'MW', 'images/pilots/m_091.png'),
(369, 'Corey', 'MW', 'images/pilots/m_058.png'),
(370, 'Alonzo', 'MW', 'images/pilots/m_066.png'),
(371, 'Haiden', 'MW', 'images/pilots/m_106.png'),
(372, 'Rowan', 'MW', 'images/pilots/f_049.png'),
(373, 'Annalise', 'MW', 'images/pilots/f_011.png'),
(374, 'SCom Kaydence', 'MW', 'images/pilots/f_009.png'),
(375, 'Holly', 'MW', 'images/pilots/f_012.png'),
(376, 'Eliana', 'MW', 'images/pilots/f_003.png'),
(377, 'Moises', 'MW', 'images/pilots/m_047.png'),
(378, 'Charlie', 'MW', 'images/pilots/f_030.png'),
(379, 'Callum', 'MW', 'images/pilots/m_093.png'),
(380, 'SCom Zechariah', 'MW', 'images/pilots/m_027.png'),
(381, 'Diana', 'MW', 'images/pilots/f_009.png'),
(382, 'Charlie', 'MW', 'images/pilots/f_029.png'),
(383, 'Winston', 'MW', 'images/pilots/m_118.png'),
(384, 'Marlee', 'MW', 'images/pilots/f_004.png'),
(385, 'SCom Vladimir', 'MW', 'images/pilots/m_087.png'),
(386, 'Natascha', 'MW', 'images/pilots/f_035.png'),
(387, 'Julia', 'MW', 'images/pilots/f_053.png'),
(388, 'Julia', 'MW', 'images/pilots/f_031.png'),
(389, 'Andrea', 'MW', 'images/pilots/f_020.png'),
(390, 'Cynthia', 'MW', 'images/pilots/f_049.png'),
(391, 'Leslie', 'MW', 'images/pilots/f_046.png'),
(392, 'Lucy', 'MW', 'images/pilots/f_020.png'),
(393, 'Serena', 'MW', 'images/pilots/f_036.png'),
(394, 'Candy', 'MW', 'images/pilots/f_046.png'),
(395, 'Janiya', 'MW', 'images/pilots/f_022.png'),
(396, 'Braiden', 'MW', 'images/pilots/m_120.png'),
(397, 'Cataleya', 'MW', 'images/pilots/f_022.png'),
(398, 'Celine', 'MW', 'images/pilots/f_044.png'),
(399, 'Lukas', 'MW', 'images/pilots/m_116.png'),
(400, 'Kassidy', 'MW', 'images/pilots/f_015.png'),
(401, 'Kaylie', 'MW', 'images/pilots/f_010.png'),
(402, 'Evie', 'MW', 'images/pilots/f_019.png'),
(403, 'Zaire', 'MW', 'images/pilots/m_023.png'),
(404, 'Jordan', 'MW', 'images/pilots/f_016.png'),
(405, 'Katherine', 'MW', 'images/pilots/f_058.png'),
(406, 'Remy', 'MW', 'images/pilots/m_028.png'),
(407, 'Jayde', 'MW', 'images/pilots/f_015.png'),
(408, 'Arizona', 'MW', 'images/pilots/m_049.png'),
(409, 'Paul', 'MW', 'images/pilots/f_019.png'),
(410, 'Bishop', 'MW', 'images/pilots/m_117.png'),
(411, 'Diego', 'MW', 'images/pilots/m_093.png'),
(412, 'Kenny Ryan', 'MW', 'images/pilots/m_094.png'),
(413, 'Jack Beauregard', 'MW', 'images/pilots/m_127.png'),
(414, 'Elise', 'MW', 'images/pilots/f_021.png'),
(415, 'Sam Peckinpah', 'MW', 'images/pilots/m_091.png'),
(416, 'Nevada Smith', 'MW', 'images/pilots/f_005.png'),
(417, 'Lt. J. Tang', 'MW', 'images/pilots/f_060.png'),
(418, 'Phelan Kell', 'MW', 'images/pilots/f_041.png'),
(419, 'Sam Austerlitz', 'MW', 'images/pilots/m_070.png'),
(420, 'Frederica Red', 'MW', 'images/pilots/f_059.png'),
(421, 'Callum', 'MW', 'images/pilots/m_070.png'),
(422, 'Eden', 'MW', 'images/pilots/m_103.png'),
(423, 'Phelam', 'MW', 'images/pilots/m_076.png'),
(424, 'Cameron', 'MW', 'images/pilots/f_006.png'),
(425, 'Camdyn', 'MW', 'images/pilots/m_079.png'),
(426, 'Arabella', 'MW', 'images/pilots/f_048.png'),
(427, 'Leah', 'MW', 'images/pilots/f_047.png'),
(428, 'Jett', 'MW', 'images/pilots/m_116.png'),
(429, 'Shawn', 'MW', 'images/pilots/m_093.png'),
(430, 'Kelvin', 'MW', 'images/pilots/m_056.png'),
(431, 'Crew', 'MW', 'images/pilots/m_066.png'),
(432, 'Kingsley', 'MW', 'images/pilots/m_109.png'),
(433, 'Ayla', 'MW', 'images/pilots/f_056.png'),
(434, 'Phelam', 'MW', 'images/pilots/m_009.png'),
(435, 'Mara', 'MW', 'images/pilots/f_002.png'),
(436, 'Julia', 'MW', 'images/pilots/f_009.png'),
(437, 'Jessi', 'MW', 'images/pilots/m_099.png'),
(438, 'PopelMaxe', 'MW', 'images/pilots/m_100.png'),
(439, 'Lily', 'MW', 'images/pilots/m_058.png'),
(440, 'Nazan', 'MW', 'images/pilots/f_007.png'),
(441, 'Anette', 'MW', 'images/pilots/f_041.png'),
(442, 'Thorsten', 'MW', 'images/pilots/m_019.png'),
(443, 'Thorsten', 'MW', 'images/pilots/m_105.png'),
(444, 'Ente', 'MW', 'images/pilots/m_059.png'),
(445, 'Vic', 'MW', 'images/pilots/f_049.png'),
(446, 'Batman', 'MW', 'images/pilots/m_005.png'),
(447, 'Batman', 'MW', 'images/pilots/m_034.png'),
(448, 'BatWomen', 'MW', 'images/pilots/f_040.png'),
(449, 'BatGirl', 'MW', 'images/pilots/f_009.png'),
(450, 'Alfred', 'MW', 'images/pilots/m_105.png'),
(451, 'Robin', 'MW', 'images/pilots/m_110.png'),
(452, 'Robin', 'MW', 'images/pilots/m_075.png'),
(453, 'Gorden', 'MW', 'images/pilots/m_073.png'),
(454, 'Papa', 'MW', 'images/pilots/m_053.png'),
(455, 'Mama', 'MW', 'images/pilots/f_023.png'),
(456, 'Opa', 'MW', 'images/pilots/m_002.png'),
(457, 'Oma', 'MW', 'images/pilots/f_052.png'),
(458, 'Tante Kati', 'MW', 'images/pilots/f_051.png'),
(459, 'Mr. T', 'MW', 'images/pilots/m_062.png'),
(460, 'Red Sonja', 'MW', 'images/pilots/f_036.png'),
(461, 'Com. Cody', 'MW', 'images/pilots/m_059.png'),
(462, 'Mr. X', 'MW', 'images/pilots/f_014.png'),
(463, 'Roy Black', 'MW', 'images/pilots/m_077.png'),
(464, 'Bert', 'MW', 'images/pilots/m_075.png'),
(465, 'BlubBlub', 'MW', 'images/pilots/m_098.png'),
(466, 'Fabian', 'MW', 'images/pilots/f_036.png'),
(467, 'Mimi', 'MW', 'images/pilots/f_015.png'),
(468, 'Mone', 'MW', 'images/pilots/m_091.png'),
(469, 'Aurelia', 'MW', 'images/pilots/f_005.png'),
(470, 'Jake', 'MW', 'images/pilots/m_023.png'),
(471, 'Mara', 'MW', 'images/pilots/f_031.png'),
(472, 'Basti', 'MW', 'images/pilots/f_008.png'),
(473, 'Virginia', 'MW', 'images/pilots/f_008.png'),
(474, 'Kristen', 'MW', 'images/pilots/f_056.png'),
(475, 'Magnolia', 'MW', 'images/pilots/f_026.png'),
(476, 'Trey', 'MW', 'images/pilots/m_016.png'),
(477, 'Leland', 'MW', 'images/pilots/m_033.png'),
(478, 'Cain', 'MW', 'images/pilots/m_073.png'),
(479, 'Kara', 'MW', 'images/pilots/f_047.png'),
(480, 'Owen', 'MW', 'images/pilots/m_060.png'),
(481, 'Alissa', 'MW', 'images/pilots/f_044.png'),
(482, 'Kyson', 'MW', 'images/pilots/m_104.png'),
(483, 'Guadalupe', 'MW', 'images/pilots/f_015.png'),
(484, 'Duke', 'MW', 'images/pilots/m_034.png'),
(485, 'Sean', 'MW', 'images/pilots/m_100.png'),
(486, 'Bill. G', 'MW', 'images/pilots/f_032.png'),
(487, 'TuTu', 'MW', 'images/pilots/m_053.png'),
(488, 'Elaina', 'MW', 'images/pilots/f_006.png'),
(489, 'Ace', 'MW', 'images/pilots/m_086.png'),
(490, 'Talia', 'MW', 'images/pilots/f_006.png'),
(491, 'Angelique', 'MW', 'images/pilots/f_035.png'),
(492, 'Crosby', 'MW', 'images/pilots/m_077.png'),
(493, 'Kori', 'MW', 'images/pilots/f_041.png'),
(494, 'Ingo', 'MW', 'images/pilots/f_001.png'),
(495, 'LADY. S', 'MW', 'images/pilots/f_019.png'),
(496, 'Demetrius', 'MW', 'images/pilots/m_054.png'),
(497, 'Armani', 'MW', 'images/pilots/m_007.png'),
(498, 'Scarlet', 'MW', 'images/pilots/f_005.png'),
(499, 'Nancy', 'MW', 'images/pilots/f_018.png'),
(500, 'Justice', 'MW', 'images/pilots/f_005.png'),
(501, 'Everleigh', 'MW', 'images/pilots/f_004.png'),
(502, 'Aubriella', 'MW', 'images/pilots/f_022.png'),
(503, 'Miranda', 'MW', 'images/pilots/f_012.png'),
(504, 'Aurelia', 'MW', 'images/pilots/f_059.png'),
(505, 'Tatum', 'MW', 'images/pilots/f_059.png'),
(506, 'Harmony', 'MW', 'images/pilots/f_018.png'),
(507, 'Mistress', 'MW', 'images/pilots/f_030.png'),
(508, 'JuanCarlos', 'MW', 'images/pilots/m_120.png'),
(509, 'Gina.W', 'MW', 'images/pilots/f_052.png'),
(510, 'Chiara', 'MW', 'images/pilots/f_001.png'),
(511, 'ZackDeLaRocha', 'MW', 'images/pilots/m_038.png'),
(512, 'BlackMamba', 'MW', 'images/pilots/f_002.png'),
(513, 'Diommond', 'MW', 'images/pilots/f_048.png'),
(514, 'Elliot', 'MW', 'images/pilots/m_048.png'),
(515, 'Diomonnd', 'MW', 'images/pilots/f_034.png'),
(516, 'Valentina', 'MW', 'images/pilots/f_001.png'),
(517, 'Josiah', 'MW', 'images/pilots/m_004.png'),
(518, 'Bryleigh', 'MW', 'images/pilots/f_041.png'),
(519, 'Lilianna', 'MW', 'images/pilots/f_010.png'),
(520, 'Lumpi', 'MW', 'images/pilots/m_086.png'),
(521, 'Rylan', 'MW', 'images/pilots/f_037.png'),
(522, 'Vance', 'MW', 'images/pilots/m_041.png'),
(523, 'Aurelius Kerensky', 'MW', 'images/pilots/f_013.png'),
(524, 'Chad', 'MW', 'images/pilots/m_103.png'),
(525, 'Drake', 'MW', 'images/pilots/m_116.png'),
(526, 'Joy', 'MW', 'images/pilots/f_049.png'),
(527, 'Lauryn', 'MW', 'images/pilots/f_047.png'),
(528, 'Brady', 'MW', 'images/pilots/m_024.png'),
(529, 'Menhir', 'MW', 'images/pilots/m_035.png'),
(530, 'Ryker', 'MW', 'images/pilots/m_100.png'),
(531, 'Wendy', 'MW', 'images/pilots/f_032.png'),
(532, 'Zendaya', 'MW', 'images/pilots/f_052.png'),
(533, 'Mark', 'MW', 'images/pilots/m_011.png'),
(534, 'Joyce', 'MW', 'images/pilots/f_009.png'),
(535, 'Zavier', 'MW', 'images/pilots/m_051.png'),
(536, 'Amara', 'MW', 'images/pilots/f_032.png'),
(537, 'Hadassah', 'MW', 'images/pilots/f_049.png');

-- --------------------------------------------------------

--
-- Tabellenstruktur für Tabelle `asc_player`
--

CREATE TABLE `asc_player` (
  `playerid` int(11) NOT NULL,
  `name` varchar(100) COLLATE utf8mb4_unicode_ci NOT NULL,
  `password` char(60) COLLATE utf8mb4_unicode_ci NOT NULL,
  `image` varchar(100) COLLATE utf8mb4_unicode_ci NOT NULL,
  `bid_pv` int(11) DEFAULT '-1',
  `bid_tonnage` int(11) DEFAULT '-1',
  `bid_winner` tinyint(1) NOT NULL DEFAULT '0',
  `opfor` tinyint(1) NOT NULL DEFAULT '0'
) ENGINE=InnoDB DEFAULT CHARSET=utf8mb4 COLLATE=utf8mb4_unicode_ci;

--
-- Daten für Tabelle `asc_player`
--

INSERT INTO `asc_player` (`playerid`, `name`, `password`, `image`, `bid_pv`, `bid_tonnage`, `bid_winner`, `opfor`) VALUES
(1, 'Dragoons', ' !!! hidden !!! ', 'OpFor.png', -1, 0, 0, 0),
(2, 'Meldric', ' !!! hidden !!! ', 'Meldric.png', 167, 170, 0, 0),
(3, 'Nimrod', ' !!! hidden !!! ', 'Nimrod.png', -1, 0, 0, 0),
(67, 'Alpha', ' !!! hidden !!! ', 'Alpha.png', 293, 320, 0, 0),
(68, 'Beta', ' !!! hidden !!! ', 'Beta.png', 667, 660, 0, 0),
(69, 'Gamma', ' !!! hidden !!! ', 'Gamma.png', 742, 820, 0, 0),
(70, 'Delta', ' !!! hidden !!! ', 'Delta.png', 667, 660, 0, 0),
(71, 'Epsilon', ' !!! hidden !!! ', 'Epsilon.png', 681, 660, 0, 0),
(72, 'Zeta', ' !!! hidden !!! ', 'Zeta.png', 653, 660, 0, 0),
(73, 'Eta', ' !!! hidden !!! ', 'Eta.png', 650, 660, 0, 0),
(75, 'Iota', ' !!! hidden !!! ', 'Iota.png', 668, 660, 0, 0),
(76, 'Kappa', ' !!! hidden !!! ', 'Kappa.png', 748, 890, 0, 0),
(77, 'Lambda', ' !!! hidden !!! ', 'Lambda.png', 276, 340, 0, 1),
(78, 'Theta', ' !!! hidden !!! ', 'Theta.png', 773, 855, 0, 0),
(79, 'Rock', ' !!! hidden !!! ', 'Rock.png', -1, -1, 0, 0),
(80, 'Phelam', ' !!! hidden !!! ', 'Phelam.png', 993, 1195, 0, 0),
(81, 'Ente', ' !!! hidden !!! ', 'Ente.png', -1, -1, 0, 0),
(82, 'MaraKell', ' !!! hidden !!! ', 'MaraKell.png', 947, 1095, 0, 0),
(84, 'Tim', ' !!! hidden !!! ', 'Tim.png', 88, 105, 1, 0),
(85, 'Loremaster', ' !!! hidden !!! ', 'Loremaster.png', -1, -1, 0, 0);

-- --------------------------------------------------------

--
-- Tabellenstruktur für Tabelle `asc_unit`
--

CREATE TABLE `asc_unit` (
  `unitid` int(11) NOT NULL,
  `factionid` int(11) DEFAULT NULL,
  `forcename` varchar(50) DEFAULT NULL,
  `playerid` int(11) DEFAULT NULL
) ENGINE=InnoDB DEFAULT CHARSET=utf8;

--
-- Daten für Tabelle `asc_unit`
--

INSERT INTO `asc_unit` (`unitid`, `factionid`, `forcename`, `playerid`) VALUES
(1, 6, 'Alpha', 1),
(2, 6, 'Bravo', 1),
(3, 6, 'Charlie', 1),
(4, 1, 'Command', 2),
(5, 1, 'Battle', 2),
(6, 1, 'Striker', 2),
(7, 1, 'Command', 3),
(8, 1, 'Battle', 3),
(9, 1, 'Striker', 3),
(100, 1, 'Command', 66),
(101, 1, 'Battle', 66),
(102, 1, 'Striker', 66),
(103, 1, 'Command', 67),
(104, 1, 'Battle', 67),
(105, 1, 'Striker', 67),
(106, 1, 'Command', 68),
(107, 1, 'Battle', 68),
(108, 1, 'Striker', 68),
(109, 1, 'Command', 69),
(110, 1, 'Battle', 69),
(111, 1, 'Striker', 69),
(112, 1, 'Command', 70),
(113, 1, 'Battle', 70),
(114, 1, 'Striker', 70),
(115, 1, 'Command', 71),
(116, 1, 'Battle', 71),
(117, 1, 'Striker', 71),
(118, 1, 'Command', 72),
(119, 1, 'Battle', 72),
(120, 1, 'Striker', 72),
(121, 1, 'Command', 73),
(122, 1, 'Battle', 73),
(123, 1, 'Striker', 73),
(124, 1, 'Command', 74),
(125, 1, 'Battle', 74),
(126, 1, 'Striker', 74),
(127, 1, 'Command', 78),
(128, 1, 'Battle', 78),
(129, 1, 'Striker', 78),
(130, 1, 'Command', 76),
(131, 1, 'Battle', 76),
(132, 1, 'Striker', 76),
(133, 5, 'Command', 77),
(134, 5, 'Battle', 77),
(135, 5, 'Striker', 77),
(136, 1, 'Command', 75),
(137, 1, 'Battle', 75),
(138, 1, 'Striker', 75),
(139, 1, 'Command', 79),
(140, 1, 'Battle', 79),
(141, 1, 'Striker', 79),
(142, 1, 'Command', 80),
(143, 1, 'Battle', 80),
(144, 1, 'Striker', 80),
(145, 1, 'Command', 81),
(146, 1, 'Battle', 81),
(147, 1, 'Striker', 81),
(148, 1, 'Command', 82),
(149, 1, 'Battle', 82),
(150, 1, 'Striker', 82),
(154, 1, 'Command', 84),
(155, 1, 'Battle', 84),
(156, 1, 'Striker', 84),
(157, 1, 'Command', 85),
(158, 1, 'Battle', 85),
(159, 1, 'Striker', 85);
